Top queries,Clicks,Impressions,CTR,Position
jennifer lawrence personality,10,694,1.44%,5.78
elon musk enneagram,8,211,3.79%,4.56
emma watson,7,2100,0.33%,3.37
sam altman personality,7,508,1.38%,4.31
enneagram mental illness,7,14,50%,2.79
bob dylan personality,6,754,0.8%,6.6
timothee chalamet personality,6,353,1.7%,5.91
tom hardy personality,6,255,2.35%,4.64
chappell roan personality,6,249,2.41%,6.33
enneagram and astrology,6,151,3.97%,6.7
agatha christie personality,6,115,5.22%,4.76
sam altman mbti,5,587,0.85%,7.97
enneagram 4,5,545,0.92%,46.43
bob dylan,5,215,2.33%,7.2
enneagram personality disorders,5,43,11.63%,4.23
enneagram and zodiac signs,5,41,12.2%,6.41
sabrina carpenter personality,4,1522,0.26%,6.93
justin bieber personality,4,500,0.8%,6.06
margot robbie personality,4,347,1.15%,3.76
meghan markle psychological profile,4,329,1.22%,9
kourtney kardashian personality,4,320,1.25%,5.65
bob dylan personality type,4,266,1.5%,5.68
enneagram 5,4,261,1.53%,30.83
zayn malik personality,4,248,1.61%,5.29
marilyn monroe enneagram,4,76,5.26%,4.11
keanu reeves personality type,3,520,0.58%,10.22
jeff bezos personality,3,467,0.64%,7.94
is meghan markle a narcissist,3,395,0.76%,1.28
madison beer personality,3,360,0.83%,6.92
harry styles personality,3,284,1.06%,9.82
dua lipa,3,189,1.59%,4.76
lex fridman mbti,3,189,1.59%,7.8
drake personality,3,185,1.62%,9.22
olivia rodrigo personality traits,3,183,1.64%,7.65
enneagram cheat sheet,3,109,2.75%,7.08
enneagram strengths and weaknesses,3,97,3.09%,7.7
famous enneagram 4,3,78,3.85%,9.28
eminem enneagram,3,77,3.9%,3.14
chappell roan enneagram,3,40,7.5%,3.95
enneagram types strengths and weaknesses,3,34,8.82%,8.12
sam altman enneagram,3,25,12%,1.12
steve jobs personality type,2,1211,0.17%,9.7
sydney sweeney personality,2,697,0.29%,6.25
keanu reeves personality,2,658,0.3%,9.34
chappell roan mbti,2,532,0.38%,8.55
brad pitt personality,2,530,0.38%,8.89
sydney sweeney iq,2,481,0.42%,9.87
enneagram type 4,2,454,0.44%,45.8
emma watson personality type,2,447,0.45%,7.61
enneagram,2,402,0.5%,29.81
ryan gosling personality,2,391,0.51%,8.47
mark zuckerberg personality,2,372,0.54%,10.39
sabrina carpenter personality traits,2,365,0.55%,4.07
enneagram type 5,2,349,0.57%,38.7
meghan markle narcissist,2,341,0.59%,1.61
enneagram type 3,2,340,0.59%,42.4
meghan markle personality,2,331,0.6%,7.82
nikola tesla personality type,2,331,0.6%,9.45
nicole kidman personality,2,323,0.62%,7.39
famous enneagram 9,2,312,0.64%,9.49
robert pattinson personality,2,289,0.69%,8.09
aubrey plaza personality,2,265,0.75%,4.92
tom hiddleston personality type,2,242,0.83%,8.78
timothee chalamet personality type,2,212,0.94%,4.36
jennifer lawrence personality type,2,194,1.03%,6.44
hugh jackman personality,2,192,1.04%,4.22
sam altman personality type,2,180,1.11%,5.03
paris hilton personality,2,163,1.23%,7.7
denzel washington personality type,2,161,1.24%,8.18
adin ross mbti,2,146,1.37%,6.23
timothée chalamet personality,2,145,1.38%,4.07
kai cenat personality,2,144,1.39%,2.35
zoe kravitz personality,2,143,1.4%,4.24
tina fey enneagram,2,141,1.42%,4.7
dua lipa personality type,2,128,1.56%,7.17
is megan markle a narcissist,2,111,1.8%,1.37
zayn malik personality type,2,111,1.8%,6.15
taylor swift enneagram,2,93,2.15%,11.09
jimmy fallon personality type,2,92,2.17%,4.57
famous type 9 enneagram,2,91,2.2%,8.57
tom hardy,2,82,2.44%,4.6
ronald reagan personality type,2,78,2.56%,5.35
prince harry personality type,2,74,2.7%,4.66
"meghan markle's cooking show's second season fails to impress viewers and 
critics",2,63,3.17%,2.06
grimes personality,2,59,3.39%,8.49
famous people with enneagram 2,2,57,3.51%,11
bob dylan enneagram,2,46,4.35%,4.65
halsey personality type,2,43,4.65%,5.7
mark zuckerberg enneagram,2,34,5.88%,6.35
brad pitt enneagram type,2,31,6.45%,2.48
how tall is bob dylan,2,20,10%,2
sam altman psychological profile,2,19,10.53%,4.89
jenna ortega major accomplishments,2,16,12.5%,3.56
tom hardy character,2,8,25%,2.25
bob dylan concert,2,4,50%,5.5
type 9 careers,2,4,50%,14
enneagram types,1,1364,0.07%,46.28
emma watson personality,1,573,0.17%,9.99
johnny depp personality,1,561,0.18%,9.04
ishowspeed personality,1,558,0.18%,7.84
dua lipa personality,1,494,0.2%,3.63
tom holland personality,1,479,0.21%,9.07
ariana grande personality type,1,456,0.22%,9.77
nikola tesla personality,1,424,0.24%,8.39
kylie jenner personality,1,378,0.26%,8.56
eminem personality type,1,375,0.27%,9.03
robert downey jr personality type,1,360,0.28%,10.73
tom cruise personality,1,334,0.3%,10.92
selena gomez personality,1,301,0.33%,10.38
dua lipa mbti,1,293,0.34%,3.67
enneagram 9,1,282,0.35%,36.36
jfk personality,1,280,0.36%,10.06
enneagram 2,1,271,0.37%,56.29
steve jobs personality,1,264,0.38%,12.44
john f kennedy personality,1,258,0.39%,7.38
ryan gosling personality type,1,258,0.39%,8.59
olivia rodrigo personality type,1,253,0.4%,8.12
enneagram test,1,252,0.4%,5.48
robert pattinson personality type,1,247,0.4%,7.32
scarlett johansson personality,1,241,0.41%,10.15
khloe kardashian personality,1,231,0.43%,7.77
frida kahlo personality,1,231,0.43%,11.59
martin luther king personality type,1,227,0.44%,11.3
miley cyrus personality,1,226,0.44%,6.38
travis scott personality,1,226,0.44%,6.94
jared leto personality,1,223,0.45%,7.59
type 9 enneagram celebrities,1,222,0.45%,8.48
lana del rey personality,1,219,0.46%,7.16
denzel washington personality,1,211,0.47%,8.93
kamala harris personality type,1,207,0.48%,10.69
meghan markle personality type,1,200,0.5%,7.65
nietzsche personality type,1,199,0.5%,10.81
ryan reynolds mbti,1,195,0.51%,11.42
halsey childhood,1,186,0.54%,9.83
anne hathaway personality,1,182,0.55%,8.46
sam altman personality traits,1,169,0.59%,3.15
tom cruise personality type,1,164,0.61%,11.15
enneagram type 4 celebrities,1,164,0.61%,11.39
prince harry personality,1,159,0.63%,5.67
mr beast personality,1,157,0.64%,8.13
winston churchill personality type,1,156,0.64%,6.96
madison beer personality type,1,142,0.7%,5.87
what is sabrina carpenter's personality,1,138,0.72%,6.41
steve jobs enneagram,1,124,0.81%,8.5
miles teller personality,1,121,0.83%,6.4
robert greene personality type,1,121,0.83%,10.4
enneagram type 9 famous people,1,120,0.83%,7.82
sp blind enneagram,1,120,0.83%,9.88
leonardo dicaprio personality traits,1,119,0.84%,7.87
mr beast personality type,1,115,0.87%,7.29
rihanna personality traits,1,112,0.89%,9.46
elton john personality,1,111,0.9%,8.5
lady gaga personality type,1,111,0.9%,10.73
billie eilish enneagram,1,108,0.93%,2.31
madison beer personality traits,1,107,0.93%,3.63
meryl streep personality type,1,106,0.94%,6.2
peter thiel personality,1,106,0.94%,7.37
type 4 enneagram celebrities,1,105,0.95%,10.47
the rock personality type,1,102,0.98%,8.48
tom hiddleston,1,99,1.01%,3.78
tom holland personality traits,1,98,1.02%,7.98
sydney sweeney iq score,1,96,1.04%,8.32
type 5 enneagram,1,92,1.09%,23.46
henry cavill enneagram type,1,88,1.14%,3.44
"meghan, duchess of sussex",1,88,1.14%,4.69
steve jobs enneagram type,1,88,1.14%,7.52
famous enneagram 6,1,86,1.16%,11.27
kamala harris enneagram,1,82,1.22%,2.85
aubrey plaza deadpan,1,80,1.25%,11.32
bob dylan personality traits,1,78,1.28%,5.5
margot robbie personality type,1,78,1.28%,6.41
joaquin phoenix,1,77,1.3%,4.71
alexandria ocasio cortez personality,1,77,1.3%,7.16
famous people with enneagram 9,1,77,1.3%,7.48
jennifer garner personality,1,77,1.3%,9
famous people with enneagram 6,1,77,1.3%,11.27
margot robbie enneagram type,1,76,1.32%,3.79
katy perry personality type,1,76,1.32%,9.53
anya taylor joy personality,1,75,1.33%,4.16
sabrina carpenter's personality,1,75,1.33%,6.21
natalie viscuso (2021–present),1,73,1.37%,2.27
taylor swift enneagram type,1,73,1.37%,11.3
selena gomez traits,1,71,1.41%,6.08
mikey madison personality,1,71,1.41%,7.72
ellen degeneres personality type,1,68,1.47%,8.54
barack obama enneagram type,1,68,1.47%,8.72
natalie viscuso,1,66,1.52%,2.14
sabrina carpenter traits,1,66,1.52%,5
nancy pelosi mbti,1,66,1.52%,7.14
meghan markle narcissist analysis,1,64,1.56%,1.48
emily ratajkowski mbti,1,64,1.56%,7.36
jennifer lawrence enneagram,1,63,1.59%,4.22
jenna ortega characteristics,1,62,1.61%,8.05
michelle obama enneagram,1,61,1.64%,5.92
megan markle narcissist,1,60,1.67%,1.52
meryl streep,1,60,1.67%,4.68
beyonce enneagram,1,60,1.67%,6.87
khloe kardashian personality type,1,59,1.69%,5.71
enneagram 9 weaknesses,1,59,1.69%,12.71
joe rogan personality,1,58,1.72%,5.22
enneagram astrology,1,58,1.72%,7.22
saoirse ronan personality,1,58,1.72%,8.72
hugh jackman personality type,1,56,1.79%,6.43
jenna ortega sexuality,1,55,1.82%,2.71
trevor noah personality,1,55,1.82%,5.87
will smith personality traits,1,55,1.82%,7.42
blake lively personality type,1,53,1.89%,6.66
celebrities with enneagram 9,1,52,1.92%,9.31
kai cenat personality type,1,51,1.96%,4.98
is sam altman a good person,1,50,2%,2.84
kanye west enneagram,1,49,2.04%,5.88
what is blake lively like in real life,1,48,2.08%,2.06
instinctual variant,1,48,2.08%,36.9
enneagram zodiac signs,1,47,2.13%,7.23
aubrey plaza mbti,1,47,2.13%,10.23
jennifer lopez personality,1,46,2.17%,6.91
aubrey plaza enneagram,1,44,2.27%,3.16
what celebrities are enneagram 2,1,42,2.38%,10.9
enneagram 9 childhood,1,42,2.38%,11.38
prinz harry,1,41,2.44%,3.2
enneagram personality types,1,41,2.44%,40.83
sam altman sociopath,1,40,2.5%,1.75
meghan narcissist,1,39,2.56%,1.69
jared leto personality type,1,39,2.56%,6.21
kourtney kardashian personality traits,1,38,2.63%,3.97
tina fey personality,1,38,2.63%,7.55
enneagram weaknesses,1,38,2.63%,9.5
keanu reeves enneagram type,1,37,2.7%,3
which enneagram is most likely to be a narcissist,1,36,2.78%,11.61
brad pitt enneagram,1,35,2.86%,3
famous enneagram type 2,1,35,2.86%,10.71
jenna ortega enneagram,1,33,3.03%,3.52
margot robbie,1,33,3.03%,4.18
jennifer lawrence mbti,1,33,3.03%,7.39
joe rogan,1,33,3.03%,7.42
enneagram communication styles,1,33,3.03%,12.48
aubrey plaza husband,1,32,3.12%,2.03
palmer luckey mbti,1,32,3.12%,6.5
ryan reynolds mean,1,31,3.23%,1.32
personality maxxing,1,31,3.23%,5.52
is nicole kidman a narcissist,1,30,3.33%,1.4
meghan markle personality analysis,1,30,3.33%,4.23
enneagram 9 careers,1,30,3.33%,19.57
type four enneagram,1,29,3.45%,52.83
lana del rey,1,28,3.57%,5.54
astrology and enneagram,1,28,3.57%,6.75
dave portnoy,1,27,3.7%,3.89
eminem enneagram type,1,27,3.7%,4.19
free enneagram test,1,27,3.7%,5.44
mikey madison personality type,1,26,3.85%,5.35
famous type 7 enneagram,1,26,3.85%,12.88
kylie jenner mbti,1,26,3.85%,22.81
enneagram test free,1,25,4%,9.92
where does enneagram 1 go in stress,1,25,4%,11.6
enneagram for work teams,1,25,4%,30.8
is jimmy fallon nice in real life,1,24,4.17%,2.58
bill gates enneagram type,1,24,4.17%,4.62
jimmy fallon adhd,1,23,4.35%,1.48
meghan markle charakter,1,23,4.35%,2.83
druski personality,1,21,4.76%,1.9
rooney mara,1,21,4.76%,4.24
kevin hart personality traits,1,21,4.76%,5.24
drakes personality,1,21,4.76%,8.14
tom holland characteristics,1,21,4.76%,10.67
words to describe kevin hart,1,20,5%,1.45
bob dylan height,1,20,5%,2.05
is meghan markle a narcissit,1,19,5.26%,1.32
does jimmy fallon have adhd,1,19,5.26%,1.37
sam altman is evil,1,19,5.26%,2.42
what personality type was nikola tesla,1,19,5.26%,8.89
prince harry personality traits,1,18,5.56%,3.61
lex fridman personality type,1,18,5.56%,6.44
arnold schwarzenegger mbti,1,18,5.56%,29.39
jenna ortega accomplishments,1,17,5.88%,2.29
peter thiel,1,17,5.88%,3.41
what is enneagram,1,17,5.88%,3.65
hugh jackman,1,17,5.88%,4.12
ishowspeed personality analysis,1,14,7.14%,1.71
enneagram type 5 strengths and weaknesses,1,14,7.14%,11.5
aubrey plaza weird,1,13,7.69%,1.54
tom hiddleston impressions,1,13,7.69%,2.69
aubrey plaza mental health,1,13,7.69%,4.77
words to describe sabrina carpenter,1,13,7.69%,8.69
enneagram childhood,1,13,7.69%,26.46
نمط بيلي ايليش,1,12,8.33%,2.17
joaquin phoenix horoscope,1,12,8.33%,3.08
justin bieber enneagram type,1,12,8.33%,4.58
enneagram 8 description,1,12,8.33%,57
is joaquin phoenix autistic,1,11,9.09%,1.91
anya taylor-joy personality type,1,11,9.09%,5.09
meghan duchess of sussex,1,11,9.09%,8
enneagram attachment styles,1,11,9.09%,11.27
was jackie kennedy a nice person,1,10,10%,1.6
enneagram 8w7,1,10,10%,3.5
kylie jenner,1,10,10%,4.2
peter thiel psychology,1,10,10%,8
enneagram 7 description,1,10,10%,34.2
meghan markle manipulative,1,9,11.11%,1.44
madison beer mental health,1,9,11.11%,3
nikola tesla enneagram,1,9,11.11%,3.67
mr beast traits,1,9,11.11%,7.78
what is lana del rey's personality,1,9,11.11%,8.44
enneagram 9 instinctual variants,1,9,11.11%,20.11
enneagram 5 careers,1,9,11.11%,26.11
mbti billie eilish,1,8,12.5%,2.12
trevor noah mbti,1,8,12.5%,11.62
sx/sp 9,1,8,12.5%,12.62
enneagram unhealthy,1,8,12.5%,20
personalidad de johnny depp,1,7,14.29%,1.29
winston churchill character,1,7,14.29%,2
marilyn monroe mental illnesses,1,7,14.29%,3
enneagram reddit,1,7,14.29%,4
celebrities with enneagram 1,1,7,14.29%,10.57
celebrity enneagram type 3,1,7,14.29%,11
social blind enneagram,1,7,14.29%,12.71
sp/so enneagram,1,7,14.29%,14.57
winston churchill charakter,1,6,16.67%,1.67
how did aubrey plaza's husband pass,1,6,16.67%,2
how old is lady gaga,1,6,16.67%,2
blake lively is a bully,1,6,16.67%,4.17
joaquin phoenix natal chart,1,6,16.67%,4.17
what are jenna ortega's accomplishments,1,6,16.67%,4.83
breaking news harry and meghan today,1,6,16.67%,6.67
aubrey plaza childhood,1,6,16.67%,15.17
sx blind enneagram,1,6,16.67%,17
is robert pattinson a nice guy,1,5,20%,1.6
tom hiddleston height,1,5,20%,2
emma watson height,1,5,20%,2.2
marcus anderson meghan,1,5,20%,3.8
enneagram instinctual subtypes,1,5,20%,17.2
blake lively personality disorder,1,4,25%,1
jared leto weirdo,1,4,25%,1.75
tom hardy alter,1,4,25%,2
is jimmy fallon rude,1,4,25%,2.5
enneagram 2 wing 3,1,4,25%,4
ruth bader ginsburg enneagram,1,4,25%,4
personality test enneagram,1,4,25%,4.25
mbti mr beast,1,4,25%,8.75
sx/sp instinctual variant,1,4,25%,16
sp/sx personality,1,4,25%,20.5
sx instinct,1,4,25%,22
enneagram 7 fears,1,4,25%,50.75
enneagram wheel,1,4,25%,70
sam altman net worth,1,3,33.33%,2
lana del rey character,1,3,33.33%,2.33
sam altman ethics,1,3,33.33%,2.33
enneagramm typ 3 sexualität,1,3,33.33%,3
actor joaquin phoenix,1,3,33.33%,3.33
enneagram types in stress,1,3,33.33%,11.33
sam altman psychology,1,3,33.33%,12.67
sx sp so,1,3,33.33%,20
enneagram narcissist,1,3,33.33%,22.67
enneagram 6w9,1,3,33.33%,23.67
enneagram instinct test,1,3,33.33%,32.33
tom hanks creepy,1,2,50%,1
is megan markle a narcisist,1,2,50%,1.5
bob dylan arrogant,1,2,50%,2
sam altman hate,1,2,50%,2
is timothee chalamet a good person,1,2,50%,2.5
jared leto iq,1,2,50%,2.5
kylie and timothee,1,2,50%,2.5
like a rolling stone lyrics,1,2,50%,2.5
meghan jealousy,1,2,50%,2.5
nicole kidman privat,1,2,50%,2.5
enneagram 5 in relationships,1,2,50%,3.5
is nicole kidman easy to work with,1,2,50%,4.5
sp/so 4,1,2,50%,4.5
enneagram type 3 wing 2,1,2,50%,11
enneagram 3 stacks,1,2,50%,12.5
unhealthy enneagram,1,2,50%,19
enneagram kabbalah,1,2,50%,22.5
sx sp personality,1,2,50%,26.5
autism enneagram,1,2,50%,27
anne hathaway personalidad,1,1,100%,1
did olivia rodrigo have an eating disorder,1,1,100%,1
es sensible,1,1,100%,1
emma watson and kieran brown,1,1,100%,2
enneagram 4 sexual subtype,1,1,100%,2
is anne hathaway bipolar,1,1,100%,2
margot robbie star sign,1,1,100%,2
scone stone,1,1,100%,2
steven tyler son,1,1,100%,2
timothee chalamet character,1,1,100%,2
what is joaquin phoenix's new movie,1,1,100%,2
what is meryl streep's net worth,1,1,100%,2
where does prince william live,1,1,100%,2
who is kylie jenner's best friend,1,1,100%,2
ariana grande personality disorder,1,1,100%,3
aubrey plaza evil hag,1,1,100%,3
emma watson latest news 2025,1,1,100%,3
enneagram 5 compatibility,1,1,100%,3
enneagram 8 integration,1,1,100%,3
frida kahlo personnalité,1,1,100%,3
henry cavill child,1,1,100%,3
keanu reeves utmärkelser,1,1,100%,3
meghan markle krankheit,1,1,100%,3
mulank 1 and 4 love compatibility,1,1,100%,3
nicole kidman sternzeichen,1,1,100%,3
prince person,1,1,100%,3
shrigley award,1,1,100%,3
what's emma watson doing now,1,1,100%,3
where does emma watson live now 2025,1,1,100%,3
winston churchill leadership style,1,1,100%,3
4 wing 5 enneagram,1,1,100%,4
demeanor dua lipa,1,1,100%,4
drake emotion,1,1,100%,4
enneagram 4w5 characters,1,1,100%,4
enneagram harmonic groups,1,1,100%,4
is sam altman a top or bottom,1,1,100%,4
running on empty movie,1,1,100%,4
enneagram 9 wings,1,1,100%,5
kia o rivs,1,1,100%,5
emma watson official facebook page,1,1,100%,6
enneagram 2 vs 4,1,1,100%,6
enneagram sx 7,1,1,100%,6
free rheti enneagram test,1,1,100%,7
lana del ray core,1,1,100%,8
daily mail royal news,1,1,100%,9
tom cruise phenotype,1,1,100%,10
post malone bob dylan,1,1,100%,12
jamie kern lima,1,1,100%,15
ishowspeed,0,12451,0%,1.01
bill gates personality type,0,756,0%,9.82
olivia rodrigo personality,0,697,0%,8.27
jenna ortega personality,0,674,0%,10.59
ishowspeed age,0,639,0%,1
zendaya personality,0,621,0%,8.94
marilyn monroe personality type,0,516,0%,8.7
sabrina carpenter personality type,0,500,0%,7.23
enneagram and teams,0,488,0%,26.1
michelle obama personality type,0,484,0%,9.03
billie eilish personality,0,453,0%,10.47
henry cavill personality,0,429,0%,7.6
does ishowspeed have anger issues,0,426,0%,7.03
jeff bezos mbti,0,411,0%,11.03
enneagram instinctual variants,0,383,0%,26.76
johnny depp personality type,0,374,0%,11.53
enneagram in the workplace,0,356,0%,38.11
bill gates personality,0,355,0%,10.69
robert downey jr personality,0,354,0%,10.62
dwayne johnson personality,0,352,0%,9.15
enneagram 3,0,351,0%,52.74
enneagram type 2,0,343,0%,58.63
enneagram 8,0,339,0%,61.51
zendaya personality type,0,338,0%,10.42
rihanna personality,0,326,0%,10.22
enneagram subtypes,0,325,0%,35.95
will smith personality,0,320,0%,5.63
natalie portman personality,0,317,0%,7.75
enneagram for personal growth,0,316,0%,27.72
enneagram type 1,0,313,0%,50.66
why does ishowspeed bark,0,307,0%,1
enneagram career,0,304,0%,27.55
kevin hart personality,0,302,0%,6.71
jenna ortega personality traits,0,302,0%,7.83
enneagram type 8,0,290,0%,55.09
elon musk personality type,0,285,0%,13.82
will smith personality type,0,281,0%,9.91
brad pitt personality type,0,280,0%,9.34
lana del rey personality type,0,271,0%,8.87
enneagram type 7,0,269,0%,57.77
billie eilish personality type,0,260,0%,10.39
enneagram 7,0,259,0%,64.09
billie eilish personality traits,0,248,0%,9.33
jeff bezos personality type,0,246,0%,8.59
justin bieber personality type,0,242,0%,10.13
beyonce personality,0,241,0%,10.56
zayn malik mbti,0,239,0%,3.59
tom hanks personality,0,238,0%,9.92
enneagram 9 celebrities,0,236,0%,8.23
mark zuckerberg personality traits,0,236,0%,8.63
leonardo dicaprio personality,0,236,0%,10.67
enneagram type 9 celebrities,0,234,0%,8.35
jenna ortega personality type,0,231,0%,10.08
enneagram and love,0,230,0%,35.58
type 2 enneagram celebrities,0,228,0%,10.99
natalie portman personality type,0,226,0%,9.06
henry cavill personality type,0,225,0%,6.3
enneagram relationships,0,225,0%,48.04
enneagram wings,0,222,0%,50.57
millie bobby brown personality,0,221,0%,10.03
jon stewart mbti,0,218,0%,8.63
enneagram achiever,0,215,0%,37.26
enneagram and relationships,0,213,0%,46.99
leonardo dicaprio personality type,0,209,0%,9.56
amber heard personality type,0,207,0%,10.38
enneagram 8 celebrities,0,206,0%,11.15
tom holland personality type,0,205,0%,9.39
mark zuckerberg personality type,0,204,0%,11.34
lana del rey mbti,0,203,0%,1.43
oprah winfrey personality type,0,203,0%,9.72
the rock personality,0,202,0%,9.6
elon musk enneagram type,0,197,0%,3.62
kim kardashian personality type,0,196,0%,9.19
kanye west personality type,0,195,0%,10.98
millie bobby brown mbti,0,190,0%,10.37
enneagram and spirituality,0,190,0%,52.08
enneagram type 6,0,187,0%,59.75
enneagram 9 famous people,0,186,0%,8.94
harry styles personality type,0,185,0%,10.08
anne hathaway personality type,0,184,0%,8.1
selena gomez personality traits,0,183,0%,8.24
mrbeast personality,0,182,0%,8.07
meryl streep personality,0,182,0%,8.73
selena gomez mbti,0,180,0%,7.47
aubrey plaza personality type,0,179,0%,7.09
ariana grande personality traits,0,179,0%,10.57
kim kardashian personality,0,179,0%,11.31
what enneagram is taylor swift,0,178,0%,10.34
rihanna personality type,0,176,0%,10.52
enneagram 6,0,173,0%,65.83
enenagram 1,0,171,0%,56.1
jfk personality type,0,169,0%,6.2
olivia rodrigo mbti,0,164,0%,5.98
kristen bell personality,0,162,0%,5.72
jeff bezos personality traits,0,162,0%,8.13
sydney sweeney personality type,0,160,0%,6.04
ryan reynolds personality type,0,157,0%,7.7
aubrey plaza,0,156,0%,3.9
millie bobby brown personality type,0,156,0%,7.47
tom hiddleston personality,0,154,0%,6.82
mlk personality type,0,154,0%,9.96
kendrick lamar personality,0,153,0%,10.25
oprah winfrey personality,0,153,0%,11.2
ishowspeed personality type,0,152,0%,9.64
beyoncé personality,0,151,0%,9.46
prince personality type,0,151,0%,9.81
arnold schwarzenegger personality type,0,148,0%,10.08
beyonce personality type,0,148,0%,12.47
enneagram 9 types,0,147,0%,49.92
ellen degeneres personality,0,146,0%,8.33
bill gates mbti,0,146,0%,15.76
enneagram 1,0,146,0%,43.27
ennegram 5,0,144,0%,47.42
ariana grande enneagram,0,143,0%,3.97
michelle obama personality,0,143,0%,9.52
marilyn monroe personality,0,143,0%,12.57
marilyn monroe personality traits,0,141,0%,11.38
zoe kravitz mbti,0,140,0%,6.63
kai cenat mbti,0,139,0%,4.21
selena gomez characteristics,0,138,0%,9.82
emma watson movies,0,137,0%,2.3
famous enneagram 5,0,136,0%,7.59
enneagram type 9,0,136,0%,45.18
jimmy fallon personality,0,134,0%,4.34
zendaya personality traits,0,134,0%,10.37
type 1 enneagram,0,134,0%,46.2
nicole kidman personality type,0,133,0%,8.74
emma watson personality traits,0,133,0%,9.65
ariana grande personality,0,133,0%,9.71
enneagram 4 celebrities,0,132,0%,9.06
nikola tesla character traits,0,130,0%,8.78
enneagram type 6 famous people,0,129,0%,11.22
enneagram 6 famous people,0,125,0%,11.54
joe rogan personality type,0,124,0%,5.49
alex cooper personality,0,124,0%,5.62
cloverleaf,0,124,0%,9.21
selena gomez personality type,0,124,0%,13.4
enneagram origins,0,123,0%,41.62
martin luther king jr personality type,0,119,0%,10.08
dwayne johnson mbti,0,119,0%,10.97
best enneagram test,0,119,0%,38.48
emma watson enneagram,0,118,0%,4.42
joaquin phoenix personality,0,118,0%,5.17
sydney sweeney personality traits,0,118,0%,5.34
enneagram type 8 celebrities,0,117,0%,10.73
kourtney kardashian personality type,0,116,0%,4.78
chappel roan mbti,0,116,0%,8.92
katy perry personality,0,115,0%,10.5
mikey madison mbti,0,114,0%,9.93
kylie jenner personality traits,0,113,0%,7.93
enneagram instinctual variants sp sx so explanation,0,113,0%,9.16
kim kardashian personality traits,0,113,0%,9.48
brad pitt personality traits,0,111,0%,7.3
miley cyrus personality type,0,111,0%,10.65
kylie jenner personality type,0,110,0%,8.83
enneagram test explained,0,110,0%,47.44
is joe rogan a good person,0,109,0%,1.34
elon musk personality traits analysis,0,108,0%,6.63
what is jenna ortega's personality,0,108,0%,7.93
keanu reeves personality traits,0,107,0%,9.13
oppenheimer personality type,0,107,0%,10.55
nikola tesla personality traits,0,106,0%,7.72
tom hanks personality type,0,106,0%,9.97
druski mbti,0,105,0%,6.88
blake lively,0,104,0%,4.91
selena gomez character traits,0,104,0%,9.77
sam altman mbti type,0,102,0%,6.87
elon musk personality analysis,0,102,0%,8.09
"paris hilton, public figure, latest",0,102,0%,44.33
ishowspeed personality traits,0,101,0%,2.79
type 8 enneagram celebrities,0,101,0%,10.52
who is joe rogan,0,100,0%,1.06
dwayne johnson personality traits,0,100,0%,8.57
friedrich nietzsche personality type,0,99,0%,10.29
enneagram 8 famous people,0,99,0%,11.24
relationship goals for each enneagram number,0,98,0%,11.85
enneagram type 8 famous people,0,97,0%,11.03
enneagram test types,0,96,0%,50.97
enneagram 2 famous people,0,95,0%,10.85
best job for enneagram 9,0,95,0%,49
enneagram type,0,94,0%,55.31
anya taylor-joy,0,93,0%,4.35
lana del rey personality traits,0,93,0%,5.91
schizophrenic jimmy fallon,0,92,0%,1.09
tom hardy personality type,0,92,0%,6
what personality type is sabrina carpenter,0,92,0%,7.65
is blake lively a nice person,0,91,0%,2.84
obama enneagram,0,91,0%,7.87
drake personality type,0,91,0%,10.6
blake lively personality,0,90,0%,2.42
nicole kidman,0,90,0%,4.53
kourtney kardashian mbti,0,90,0%,10.84
enneagram type 1 celebrities,0,90,0%,15
"khloé kardashian, public figure",0,90,0%,68.16
emma watson boyfriend,0,89,0%,2.37
joaquin phoenix personality type,0,89,0%,5.01
oprah winfrey enneagram type 2,0,88,0%,2.9
elton john personality type,0,88,0%,6.55
type 4 enneagram,0,88,0%,46.89
is ishowspeed kind,0,87,0%,8.32
personalidad de nikola tesla,0,87,0%,8.49
nikola tesla personalidad,0,87,0%,8.93
enneagram type 4 careers,0,87,0%,49.57
keanu reeves enneagram,0,86,0%,3.07
ryan reynolds personality traits,0,86,0%,8.7
eminem personality traits,0,86,0%,9.62
scarlett johansson personality type,0,86,0%,10.52
type 3 enneagram,0,86,0%,42.62
ishowspped,0,85,0%,3.61
rdj personality type,0,85,0%,5.24
enneagram type 2 famous people,0,85,0%,10.42
justin bieber personality traits,0,84,0%,5.87
logan paul personality,0,84,0%,7
grimes personality type,0,83,0%,7.55
enneagram type 2 celebrities,0,83,0%,10.7
lana del rey enneagram,0,82,0%,3.59
arnold schwarzenegger personality,0,82,0%,10.35
what is ariana grande's personality,0,82,0%,10.98
emma watson hot,0,81,0%,2.96
lady gaga enneagram,0,81,0%,7.73
what personality type is billie eilish,0,81,0%,10.79
relationships enneagram,0,81,0%,45.3
kevin hart personality type,0,80,0%,6.88
oprah winfrey enneagram type,0,80,0%,6.99
type 8 enneagram,0,80,0%,42.3
is drake a good person,0,79,0%,1.82
jennifer lawrence personality traits,0,79,0%,6.11
alexandria ocasio cortez character traits,0,79,0%,11.03
what personality type is robert downey jr,0,78,0%,11.01
enneagram instincts,0,78,0%,47.92
chappell roan personality type,0,77,0%,4.64
anne hathaway personality traits,0,77,0%,4.79
kanye personality type,0,77,0%,9.88
enneagram explained (enneagramexplained) latest,0,76,0%,15.05
enneagram type descriptions,0,76,0%,87.93
was winston churchill a good person,0,75,0%,1.08
demi lovato personality,0,75,0%,6.73
bill gates personality traits,0,74,0%,10.51
john f kennedy personality type,0,73,0%,5.01
what is billie eilish's personality type,0,73,0%,10.11
where hardware psychology,0,73,0%,10.52
keanu reeves,0,72,0%,5.08
jake paul personality,0,72,0%,9.36
donald trump enneagram,0,72,0%,10.06
9 types,0,72,0%,43.82
what personality type is eminem,0,71,0%,10.15
emma watson husband,0,70,0%,3.04
margot robbie enneagram type 2,0,70,0%,3.49
jackie kennedy personality,0,70,0%,8.46
jeff bezos character traits,0,70,0%,8.46
zendaya's personality,0,70,0%,8.51
enneagram careers,0,70,0%,36.64
scarlett johansson personality traits,0,69,0%,7.38
travis scott personality type,0,69,0%,7.59
charlie puth personality,0,69,0%,8.51
how hardware psychology,0,69,0%,9.06
friedrich nietzsche personality,0,69,0%,9.2
doechii mbti,0,69,0%,9.48
how old is emma watson,0,68,0%,2
zayn malik face shape,0,68,0%,2.85
frida kahlo personality type,0,68,0%,7.29
astrology enneagram,0,68,0%,7.34
enneagram test type 2,0,68,0%,48.62
enneagram four,0,68,0%,67.25
anya taylor-joy personality,0,67,0%,4.27
jenna ortega character traits,0,67,0%,6.81
jimmy carter personality type,0,67,0%,9.37
emma watson characteristics,0,66,0%,2.44
lady gaga,0,66,0%,3.89
johnny depp personality traits,0,66,0%,5.05
nikola tesla traits,0,66,0%,8.11
churchill personality type,0,66,0%,8.67
what personality type is michelle obama,0,66,0%,9.94
famous type 2 enneagram,0,66,0%,10.61
enneagram for teams,0,66,0%,39.12
emma watson age,0,65,0%,2.18
billie eilish mbti,0,65,0%,5.05
olivia rodrigo traits,0,65,0%,6.58
what is olivia rodrigo's personality,0,65,0%,8.49
drake personality traits,0,65,0%,9.18
george w bush personality type,0,65,0%,9.32
famous enneagram 9s,0,65,0%,10.52
madison beer mbti,0,65,0%,11.34
which enneagram type is most likely to be a narcissist,0,65,0%,11.82
enneagram 1 in stress,0,65,0%,15.22
nick offerman,0,64,0%,3.14
jennifer garner personality type,0,64,0%,5.55
bernie sanders personality type,0,64,0%,9.16
jfk personality traits,0,64,0%,10.09
what personality type is johnny depp,0,64,0%,11.14
enneagram vs myers briggs,0,64,0%,16.09
enneagram 1 celebrities,0,63,0%,13.54
kai mbti,0,62,0%,1.1
billie eilish type,0,62,0%,5.24
enneagram type 5 celebrities,0,62,0%,8.58
tesla personality type,0,62,0%,10.23
enneagram type 4 famous people,0,62,0%,10.95
timothee chalamet mbti,0,62,0%,13.82
competitive achiever,0,62,0%,49.11
zayn mbti,0,61,0%,2.49
selena gomez enneagram,0,61,0%,4.34
halsey mbti,0,61,0%,5.2
enneagram zodiac,0,61,0%,7.56
what personality type is bill gates,0,61,0%,9.2
barack obama enneagram,0,61,0%,9.25
instinctual variants sp sx so enneagram institute,0,61,0%,10.39
lady gaga personality traits,0,61,0%,10.48
winston churchill personality,0,60,0%,5.65
harry styles type,0,60,0%,9.72
what is ariana grande's personality type,0,60,0%,10.35
mrbeast personality traits,0,59,0%,3.46
sabrina carpenter enneagram,0,59,0%,3.68
dwayne johnson personality type,0,59,0%,6.49
what was steve jobs personality type,0,59,0%,9.15
meryl streep core,0,59,0%,9.64
what personality type is keanu reeves,0,59,0%,9.95
famous enneagram 3,0,59,0%,11.86
enneagram 2 celebrities,0,59,0%,12.25
enneagram 4 careers,0,59,0%,47.98
kendrick lamar enneagram,0,58,0%,4
pete davidson personality,0,58,0%,7.59
tom cruise personality traits,0,58,0%,8.38
what is lady gaga's personality type,0,58,0%,9.86
instinctual variants sp/so/sx enneagram institute,0,58,0%,10.59
famous type 6 enneagram,0,58,0%,12
сэм альтман,0,57,0%,3.51
henry cavill personality traits,0,57,0%,4.75
paris hilton personality type,0,57,0%,6.33
what personality type is olivia rodrigo,0,57,0%,8.12
miles teller mbti,0,57,0%,9.44
when hardware psychology,0,57,0%,10.49
oprah personality type,0,57,0%,11.63
type 4 enneagram careers,0,57,0%,58.47
fred rogers enneagram type 2,0,56,0%,3.46
why does ishowspeed act the way he does,0,56,0%,6.68
beyonce personality traits,0,56,0%,11.36
celebrity enneagram,0,55,0%,7.56
mrbeast personality type,0,55,0%,7.76
sydney sweeney,0,55,0%,8.55
nietzsche personality,0,55,0%,10.18
what personality type is elon musk,0,55,0%,11.29
type 2 enneagram,0,55,0%,55.84
is jimmy fallon a nice guy,0,54,0%,2.65
charlie puth mbti,0,54,0%,3.98
drake's personality,0,54,0%,7.31
mr rogers personality type,0,54,0%,10.3
dwayne the rock johnson personality,0,54,0%,10.43
speed personality,0,54,0%,10.8
sabrina carpenter mbti,0,54,0%,15.81
enneagram type 6 celebrities,0,54,0%,16.19
is nicole kidman nice,0,53,0%,2.45
meghan markle personality traits,0,53,0%,5.19
enneagram stereotypes,0,53,0%,9.42
john f kennedy personality traits,0,53,0%,10.68
emma watson mbti,0,53,0%,34.64
instinctual variants,0,53,0%,34.87
drake mbti,0,52,0%,1.79
what personality type is steve jobs,0,52,0%,9.42
katy perry personality traits,0,52,0%,9.75
why hardware psychology,0,52,0%,10.27
enneagram test type 5,0,52,0%,44.92
harry meghan kids online safety,0,51,0%,3.59
bill gates enneagram,0,51,0%,5.84
peter thiel personality type,0,51,0%,6.9
johnny depp enneagram,0,51,0%,7.98
famous type 5 enneagram,0,51,0%,9.06
what personality type was steve jobs,0,51,0%,9.69
robert downey jr. personality type,0,51,0%,10.94
ishowspeed gif,0,50,0%,1.52
leather apron club alex enneagram type,0,50,0%,2.68
zoe kravitz personality type,0,50,0%,4.92
rihanna enneagram type,0,50,0%,6.86
what is zendaya's personality,0,50,0%,7.48
what is lana del rey's personality type,0,50,0%,7.98
what enneagram type is taylor swift,0,50,0%,10.72
celebrity enneagram type 2,0,50,0%,11.46
type 1 personality enneagram,0,50,0%,53.84
henry cavill enneagram type 2,0,49,0%,1.98
tom cruise enneagram type,0,49,0%,5.59
alex cooper mbti,0,49,0%,8.96
henry cavill mbti,0,49,0%,9.84
frida kahlo personality traits,0,49,0%,10.67
enneagram type compatibility,0,49,0%,50.27
kai cenat personality traits,0,48,0%,2.17
dua lipa personality traits,0,48,0%,2.35
is emma watson married,0,48,0%,2.83
famous enneagram type 9,0,48,0%,8.48
words to describe will smith,0,48,0%,9.08
lady gaga personality,0,48,0%,10.44
sydney sweeney mbti,0,48,0%,11.38
johnny depp mbti,0,48,0%,44.25
type 7 enneagram,0,48,0%,52.88
emma watson enneagram type,0,47,0%,4.04
tom hardy mbti,0,47,0%,6.21
what personality type is emma watson,0,47,0%,8.04
famous people with enneagram 8,0,47,0%,11.49
jenna ortega's personality,0,46,0%,6.74
rdj personality,0,46,0%,8.83
best free enneagram test 2025,0,46,0%,10.07
justin bieber confident,0,45,0%,4.31
sabrina carpenter character traits,0,45,0%,5.38
aubrey plaza stare,0,45,0%,6.69
meghan markle,0,45,0%,8.09
demi lovato personality type,0,45,0%,9
tom hiddleston mbti,0,45,0%,11.27
billie eilish enneagram type,0,44,0%,2.57
lana del rey enneagram type,0,44,0%,2.95
kennedy personality,0,44,0%,8.61
mr beast mbti,0,44,0%,9.34
what is bill gates personality type,0,44,0%,9.39
what was nikola tesla's personality like,0,44,0%,9.45
what is billie eilish's personality,0,44,0%,10.09
famous 9 enneagram,0,44,0%,10.14
celebrities with enneagram 2,0,44,0%,11.18
druski,0,44,0%,11.48
famous type 4 enneagram,0,44,0%,11.66
famous enneagram 8,0,44,0%,11.73
ryan gosling mbti,0,44,0%,17.05
enneagram one,0,44,0%,56.07
enneagram type summary,0,44,0%,71.52
river phoenix,0,43,0%,3.23
aubrey plaza personality traits,0,43,0%,3.28
rihanna enneagram,0,43,0%,4.88
justin bieber enneagram,0,43,0%,5.67
what is rihanna's personality,0,43,0%,10.6
kim k personality,0,43,0%,10.74
celebrity enneagram type 6,0,43,0%,11.19
pete davidson mbti,0,43,0%,11.37
oprah winfrey personality traits,0,43,0%,13.09
type 6 enneagram celebrities,0,43,0%,13.63
type 9 enneagram,0,43,0%,45.58
scarlett johansson's personal life,0,43,0%,67.51
sam altman personality profile,0,42,0%,2.19
nine takes,0,42,0%,2.52
meghan markle enneagram,0,42,0%,4.67
instinctual variants sp sx so explanation,0,42,0%,8.07
jennifer garner enneagram 2,0,42,0%,9.38
capricorn enneagram,0,42,0%,9.6
jeff bezos mbti personality type,0,42,0%,9.93
ishowspeed mbti type,0,42,0%,10.5
what is robert downey jr personality type,0,42,0%,10.6
what is johnny depp's personality type,0,42,0%,11.31
dua lipa's music reflects her personality,0,42,0%,15.29
kate mckinnon enneagram,0,41,0%,1.05
zayn dom,0,41,0%,1.22
tom felton,0,41,0%,4.1
timothee chalamet type,0,41,0%,5.07
madison beer type,0,41,0%,8.59
millie bobby brown personality traits,0,41,0%,8.61
katy perry character traits,0,41,0%,9.54
personality billie eilish,0,41,0%,9.68
what is billie eilish personality,0,41,0%,10.29
tom holland mbti,0,41,0%,18.9
amber heard mbti,0,41,0%,21.9
enneagram type 6 careers,0,41,0%,45.73
enneatype 7,0,41,0%,59.83
sam altman personality analysis,0,40,0%,1.43
best enneagram test 2025,0,40,0%,2.83
johnny depp,0,40,0%,5.03
natalie portman,0,40,0%,5.85
dua lipa mbti type,0,40,0%,6.45
drake character traits,0,40,0%,9.18
aubrey plaza social anxiety,0,40,0%,9.32
john stewart mbti,0,40,0%,9.7
harry styles personality traits,0,40,0%,9.9
sydney sweeney mbti type,0,40,0%,10.4
emma watson traits,0,40,0%,12.75
robert pattinson mbti,0,40,0%,21.55
enneagram type 7 careers,0,40,0%,45.02
is kevin hart a good person,0,39,0%,1.05
sabrina carpenter personality traits real life,0,39,0%,3.18
enneagram famous people,0,39,0%,5.21
dylan personality,0,39,0%,6.31
sam altman mbti personality type,0,39,0%,6.44
jenna ortega type,0,39,0%,8.18
taurus enneagram type,0,39,0%,9.03
what personality type is lana del rey,0,39,0%,9.31
casey neistat mbti,0,39,0%,9.38
enneagram type 9 strengths and weaknesses,0,39,0%,10.49
famous enneagram 2,0,39,0%,13.67
famous type 3 enneagram,0,39,0%,15.26
enneagram type 1 careers,0,39,0%,30.77
enneagram team map,0,39,0%,35.69
eneatype 5,0,39,0%,52.56
mark zuckerberg iq,0,38,0%,1
is jimmy fallon a good person,0,38,0%,2
nicole kidman mbti,0,38,0%,2.97
kamala harris enneagram type,0,38,0%,5.03
what personality type is timothee chalamet,0,38,0%,7.32
sam altman character,0,38,0%,7.45
bob dylan's personality,0,38,0%,8.11
marilyn monroe characteristics,0,38,0%,9.76
what is billie eilish personality type,0,38,0%,10.29
enneagram compatibility chart,0,38,0%,10.32
joaquin phoenix mbti,0,38,0%,15.08
enneagram type 9 careers,0,38,0%,17.63
marilyn monroe mbti,0,38,0%,29.61
enneagram type 2 careers,0,38,0%,34.39
what is kevin hart like in real life,0,37,0%,1.05
meghan markle is a narcissist,0,37,0%,1.24
tim drake personality,0,37,0%,1.86
henry cavill enneagram 2,0,37,0%,1.97
emma watson photo,0,37,0%,3.68
zayn malik,0,37,0%,4.35
natalie portman personality traits,0,37,0%,6.92
what is elon musk personality type,0,37,0%,10.68
beyonce's personality,0,37,0%,11.03
friedrich nietzsche mbti type,0,37,0%,11.38
enneagram type 9 weaknesses,0,37,0%,11.49
4 enneagram,0,37,0%,42.46
joaquin phoenix movies,0,36,0%,2.69
halsey personality,0,36,0%,4.33
what personality type is jennifer lawrence,0,36,0%,7.06
sam altman personality type mbti,0,36,0%,8.06
elon musk type,0,36,0%,8.47
which hardware mind,0,36,0%,9.67
instinctual variants sp sx so enneagram explanation,0,36,0%,10.17
sabrina carpenter personality real life,0,36,0%,10.33
famous enneagram type 4,0,36,0%,10.78
henry cavill mbti type,0,36,0%,11.06
enneagram vs mbti,0,36,0%,23.94
type 3,0,36,0%,54.75
sabrina carpenter enneagram type,0,35,0%,2.51
johnny depp personality traits real life,0,35,0%,3.14
zayn malik personality traits,0,35,0%,3.49
jeff bezos enneagram type,0,35,0%,5.4
what is drake's personality,0,35,0%,6.06
type 9 celebrities,0,35,0%,8.51
shia labeouf personality,0,35,0%,8.74
what is jenna ortega's type,0,35,0%,8.83
sabrina carpenter pdb,0,35,0%,9.46
enneagram 5 celebrities,0,35,0%,9.49
enneagram type 1 strengths and weaknesses,0,35,0%,12.03
zendaya mbti,0,35,0%,17.31
enneagram career guide,0,35,0%,25.94
type 8,0,35,0%,49.51
emma watson instagram,0,34,0%,2.12
sam altman evil,0,34,0%,3.06
ishowspee,0,34,0%,3.26
anya taylor-joy mbti,0,34,0%,4.88
celebrity enneagram type 9,0,34,0%,8.24
sam altman,0,34,0%,9.06
kendrick lamar personality traits,0,34,0%,9.62
enneagram type 1 famous people,0,34,0%,13.18
enneagram types explained,0,34,0%,32.59
5 enneagram,0,34,0%,37.15
type 6 enneagram,0,34,0%,48.94
enneagram descriptions,0,34,0%,58.97
best jobs for enneagram 8,0,34,0%,92.71
margot robbie enneagram 2,0,33,0%,3.94
selena gomez enneagram type,0,33,0%,4.61
zayn malik mbti type,0,33,0%,4.7
jenna ortega mbti,0,33,0%,4.97
billie eilish,0,33,0%,5.58
nicole kidman enneagram,0,33,0%,5.61
tom hanks,0,33,0%,7.48
olivia rodrigo character traits,0,33,0%,8.76
travis kelce enneagram,0,33,0%,9.67
will smith characteristics,0,33,0%,10.42
type 6 enneagram famous people,0,33,0%,11.12
what personality type is martin luther king,0,33,0%,11.12
enneagram celebrities,0,33,0%,12.97
ishowspeed streamer youtube personality,0,33,0%,29.52
kristen bell enneagram type 2,0,32,0%,1.81
olivia rodrigo personality traits real life,0,32,0%,2.12
harry styles enneagram,0,32,0%,5
ariana grande enneagram type,0,32,0%,7.34
lady gaga's personality,0,32,0%,9.84
what was jfk's personality,0,32,0%,10.28
billie eilish character traits,0,32,0%,10.56
what personality type is ariana grande,0,32,0%,11.09
famous type 6,0,32,0%,11.25
famous people with type 2 enneagram,0,32,0%,11.69
ariana grande mbti,0,32,0%,25.94
is meghan a narcissist,0,31,0%,1.39
one direction mbti,0,31,0%,2.19
what personality type was marilyn monroe,0,31,0%,8.1
sam altman myers briggs,0,31,0%,8.16
what is keanu reeves personality type,0,31,0%,8.84