page,clicks,impressions,ctr_pct,position
https://9takes.com/enneagram-corner/enneagram-and-mental-illness,101,4283,2.36,8.3
https://9takes.com/enneagram-corner/enneagram-and-adhd-which-types-struggle-most,73,1602,4.56,5.5
https://9takes.com/enneagram-corner/depression-patterns-by-enneagram-type,32,1544,2.07,9.4
https://9takes.com/enneagram-corner/mental-health/enneagram-neurodivergence-guide,32,1755,1.82,7.1
https://9takes.com/enneagram-corner/enneagram-compatibility-matrix,29,3799,0.76,11.5
https://9takes.com/,24,115,20.87,6.4
https://9takes.com/personality-analysis/jordi-hays,24,942,2.55,8.5
https://9takes.com/enneagram-corner/attachment-styles-and-enneagram-types,22,2680,0.82,7.4
https://9takes.com/enneagram-corner/astrology-and-the-enneagram,21,3236,0.65,8.5
https://9takes.com/enneagram-corner/biggest-compliments-to-give-each-enneagram-type,17,336,5.06,6.2
https://9takes.com/enneagram-corner/mental-health/enneagram-addiction-recovery-guide,17,1112,1.53,8.3
https://9takes.com/enneagram-corner/toxic-traits-of-each-enneagram-type,12,961,1.25,10.8
https://9takes.com/pop-culture/kardashian-family-enneagram-analysis,12,809,1.48,9.7
https://9takes.com/enneagram-corner/enneagram-types-and-career-choices,10,1178,0.85,20.9
https://9takes.com/personality-analysis/tina-fey,9,476,1.89,8.2
https://9takes.com/enneagram-corner/toxic-traits-relationships-warning-signs,8,819,0.98,9.4
https://9takes.com/personality-analysis/kara-swisher,8,1246,0.64,9.6
https://9takes.com/enneagram-corner/enneagram-instinctual-subtypes,7,2806,0.25,14.5
https://9takes.com/personality-analysis/bob-dylan,7,663,1.06,7.7
https://9takes.com/personality-analysis/marilyn-monroe,7,618,1.13,12.0
https://9takes.com/personality-analysis/ryan-gosling,7,1151,0.61,8.4
https://9takes.com/enneagram-corner/enneagram-test-comparison-2025,6,2766,0.22,14.4
https://9takes.com/enneagram-corner/how-each-enneagram-type-manipulates,6,726,0.83,7.9
https://9takes.com/personality-analysis/ishowspeed,6,2960,0.20,7.6
https://9takes.com/personality-analysis/type/9,6,1285,0.47,52.6
https://9takes.com/enneagram-corner/enneagram-strengths-and-weaknesses,5,544,0.92,10.5
https://9takes.com/enneagram-corner/enneagram-type-7,5,235,2.13,15.8
https://9takes.com/enneagram-corner/enneagram-types-in-stress,5,1028,0.49,12.2
https://9takes.com/enneagram-corner/enneagram-wings-complete-guide,5,3080,0.16,14.9
https://9takes.com/enneagram-corner/how-each-enneagram-type-self-sabotages-success,5,283,1.77,7.8
https://9takes.com/personality-analysis/clavicular,5,622,0.80,9.7
https://9takes.com/personality-analysis/emma-myers,5,192,2.60,5.1
https://9takes.com/personality-analysis/sabrina-carpenter,5,2623,0.19,5.9
https://9takes.com/personality-analysis/sky-bri,5,377,1.33,7.9
https://9takes.com/personality-analysis/timothee-chalamet,5,1159,0.43,8.3
https://9takes.com/personality-analysis/zendaya,5,1150,0.43,9.5
https://9takes.com/enneagram-corner/enneagram-mental-health-flags,4,245,1.63,9.2
https://9takes.com/enneagram-corner/enneagram-type-1,4,148,2.70,16.7
https://9takes.com/enneagram-corner/enneagram-type-5,4,483,0.83,16.4
https://9takes.com/personality-analysis/callum-turner,4,359,1.11,8.0
https://9takes.com/personality-analysis/meghan-markle,4,600,0.67,8.8
https://9takes.com/personality-analysis/shawn-ryan,4,447,0.89,8.8
https://9takes.com/personality-analysis/type/2,4,920,0.43,39.1
https://9takes.com/personality-analysis/type/3,4,282,1.42,19.8
https://9takes.com/pop-culture/ghislaine-maxwell-psychology,4,109,3.67,12.3
https://9takes.com/enneagram-corner/enneagram-crisis-management-guide,3,139,2.16,10.5
https://9takes.com/enneagram-corner/enneagram-parenting-styles,3,203,1.48,31.5
https://9takes.com/enneagram-corner/enneagram-types-being-ghosted,3,204,1.47,8.2
https://9takes.com/enneagram-corner/how-to-apologize-like-a-pro,3,299,1.00,7.3
https://9takes.com/enneagram-corner/mental-health/enneagram-science-mental-health,3,1610,0.19,11.3
https://9takes.com/enneagram-corner/mental-health/enneagram-therapy-guide,3,91,3.30,10.4
https://9takes.com/personality-analysis/agatha-christie,3,484,0.62,10.5
https://9takes.com/personality-analysis/benson-boone,3,330,0.91,10.3
https://9takes.com/personality-analysis/blake-lively,3,98,3.06,14.4
https://9takes.com/personality-analysis/brad-pitt,3,515,0.58,9.3
https://9takes.com/personality-analysis/cillian-murphy,3,451,0.67,11.5
https://9takes.com/personality-analysis/jack-black,3,772,0.39,9.0
https://9takes.com/personality-analysis/john-f-kennedy,3,353,0.85,14.1
https://9takes.com/personality-analysis/kylie-jenner,3,231,1.30,12.5
https://9takes.com/personality-analysis/margot-robbie,3,549,0.55,8.4
https://9takes.com/personality-analysis/prince-harry,3,153,1.96,8.0
https://9takes.com/personality-analysis/rooney-mara,3,91,3.30,9.6
https://9takes.com/personality-analysis/sam-altman,3,859,0.35,8.3
https://9takes.com/personality-analysis/steve-carell,3,156,1.92,12.9
https://9takes.com/personality-analysis/type/4,3,384,0.78,15.2
https://9takes.com/personality-analysis/type/6,3,814,0.37,62.5
https://9takes.com/personality-analysis/type/7,3,265,1.13,15.9
https://9takes.com/enneagram-corner,2,425,0.47,29.6
https://9takes.com/enneagram-corner/enneagram-and-religion,2,571,0.35,27.6
https://9takes.com/enneagram-corner/enneagram-childhood-stereotypes,2,90,2.22,24.8
https://9takes.com/enneagram-corner/enneagram-type-4,2,359,0.56,26.3
https://9takes.com/enneagram-corner/enneagram-type-6,2,500,0.40,17.0
https://9takes.com/enneagram-corner/enneagram-type-8,2,548,0.36,12.0
https://9takes.com/enneagram-corner/enneagram-type-9,2,824,0.24,35.4
https://9takes.com/enneagram-corner/enneagram-types-at-party,2,117,1.71,8.2
https://9takes.com/enneagram-corner/enneagram-types-on-a-first-date,2,181,1.10,10.6
https://9takes.com/enneagram-corner/first-impression-cheat-sheet,2,92,2.17,8.4
https://9takes.com/enneagram-corner/mental-health/enneagram-medication-mental-health,2,253,0.79,10.7
https://9takes.com/enneagram-corner/neurodiversity-vs-personality,2,92,2.17,12.7
https://9takes.com/enneagram-corner/why-the-next-thing-wont-fix-it-type-7,2,25,8.00,6.3
https://9takes.com/enneagram-corner/why-you-cant-stop-overthinking-enneagram,2,232,0.86,11.7
https://9takes.com/personality-analysis,2,259,0.77,12.3
https://9takes.com/personality-analysis/anna-kendrick,2,53,3.77,8.6
https://9takes.com/personality-analysis/anna-wintour,2,124,1.61,10.1
https://9takes.com/personality-analysis/bernard-arnault,2,94,2.13,9.1
https://9takes.com/personality-analysis/chappell-roan,2,373,0.54,8.1
https://9takes.com/personality-analysis/druski,2,252,0.79,8.9
https://9takes.com/personality-analysis/dua-lipa,2,755,0.26,8.1
https://9takes.com/personality-analysis/emma-watson,2,1208,0.17,10.0
https://9takes.com/personality-analysis/friedrich-nietzsche,2,549,0.36,8.6
https://9takes.com/personality-analysis/hasan-piker,2,569,0.35,9.1
https://9takes.com/personality-analysis/jason-calacanis,2,155,1.29,12.1
https://9takes.com/personality-analysis/john-mcafee,2,151,1.32,10.3
https://9takes.com/personality-analysis/lana-del-rey,2,272,0.74,13.8
https://9takes.com/personality-analysis/larry-page,2,165,1.21,15.9
https://9takes.com/personality-analysis/leila-hormozi,2,65,3.08,8.7
https://9takes.com/personality-analysis/lex-fridman,2,419,0.48,8.2
https://9takes.com/personality-analysis/michael-b-jordan,2,58,3.45,16.3
https://9takes.com/personality-analysis/mindy-kaling,2,25,8.00,9.1
https://9takes.com/personality-analysis/naomi-osaka,2,107,1.87,10.3
https://9takes.com/personality-analysis/ronald-reagan,2,195,1.03,15.0
https://9takes.com/personality-analysis/sam-bankman-fried,2,94,2.13,10.3
https://9takes.com/personality-analysis/sara-saffari,2,48,4.17,7.5
https://9takes.com/personality-analysis/trevor-noah,2,187,1.07,11.1
https://9takes.com/personality-analysis/type/8,2,382,0.52,18.0
https://9takes.com/personality-analysis/zayn-malik,2,288,0.69,6.9
https://9takes.com/blog,1,58,1.72,4.2
https://9takes.com/enneagram-corner/beginners-guide-to-determining-your-enneagram-type,1,85,1.18,34.5
https://9takes.com/enneagram-corner/enneagram-dating-guide-for-men,1,139,0.72,10.4
https://9takes.com/enneagram-corner/enneagram-leadership,1,281,0.36,42.3
https://9takes.com/enneagram-corner/enneagram-object-relations,1,209,0.48,9.6
https://9takes.com/enneagram-corner/enneagram-party-planner,1,24,4.17,32.1
https://9takes.com/enneagram-corner/enneagram-therapy-resistance-guide,1,49,2.04,12.0
https://9takes.com/enneagram-corner/enneagram-tldr,1,568,0.18,41.2
https://9takes.com/enneagram-corner/enneagram-type-2,1,206,0.49,23.1
https://9takes.com/enneagram-corner/enneagram-type-3,1,761,0.13,29.5
https://9takes.com/enneagram-corner/enneagram-vs-personality-frameworks-comparison,1,1631,0.06,8.6
https://9takes.com/enneagram-corner/how-each-enneagram-flexes,1,90,1.11,10.1
https://9takes.com/enneagram-corner/how-each-enneagram-type-unwinds,1,62,1.61,13.8
https://9takes.com/enneagram-corner/love-languages-and-enneagram-types,1,570,0.18,10.3
https://9takes.com/enneagram-corner/mental-health/enneagram-anxiety-complete-guide,1,448,0.22,12.4
https://9takes.com/enneagram-corner/mental-health/enneagram-crisis-management-guide,1,124,0.81,8.4
https://9takes.com/enneagram-corner/relationship-communication-guide,1,805,0.12,35.9
https://9takes.com/enneagram-corner/toxic-traits-relationships-warning-signs#when-survival-strategies-become-toxic-patterns,1,96,1.04,8.8
https://9takes.com/enneagram-corner/why-dating-apps-are-harder-for-certain-personality-types,1,213,0.47,17.0
https://9takes.com/how-to-guides/dating-dynamics-by-enneagram-type,1,311,0.32,26.3
https://9takes.com/personality-analysis/David-Friedberg,1,106,0.94,5.6
https://9takes.com/personality-analysis/Howard-Stern,1,28,3.57,8.9
https://9takes.com/personality-analysis/Taylor-Lorenz,1,17,5.88,8.6
https://9takes.com/personality-analysis/adam-neumann,1,118,0.85,12.9
https://9takes.com/personality-analysis/alex-karp,1,324,0.31,8.5
https://9takes.com/personality-analysis/alexandria-ocasio-cortez,1,91,1.10,10.1
https://9takes.com/personality-analysis/andrew-tate,1,228,0.44,10.5
https://9takes.com/personality-analysis/arnold-schwarzenegger,1,93,1.08,10.5
https://9takes.com/personality-analysis/ashby,1,31,3.23,9.3
https://9takes.com/personality-analysis/asmongold,1,446,0.22,8.3
https://9takes.com/personality-analysis/aubrey-plaza,1,335,0.30,9.2
https://9takes.com/personality-analysis/ben-horowitz,1,163,0.61,8.4
https://9takes.com/personality-analysis/bob-dylan#decoding-dylan-the-man-beneath-the-myth,1,102,0.98,8.3
https://9takes.com/personality-analysis/brian-chesky,1,75,1.33,6.6
https://9takes.com/personality-analysis/casey-neistat,1,407,0.25,11.2
https://9takes.com/personality-analysis/dalton-caldwell,1,106,0.94,9.5
https://9takes.com/personality-analysis/dario-amodei,1,653,0.15,7.0
https://9takes.com/personality-analysis/dave-portnoy,1,45,2.22,7.5
https://9takes.com/personality-analysis/david-goggins,1,150,0.67,7.1
https://9takes.com/personality-analysis/dr-phil,1,14,7.14,6.8
https://9takes.com/personality-analysis/drake,1,316,0.32,8.3
https://9takes.com/personality-analysis/elon-musk,1,920,0.11,10.4
https://9takes.com/personality-analysis/garry-tan,1,151,0.66,7.1
https://9takes.com/personality-analysis/george-w-bush,1,102,0.98,7.3
https://9takes.com/personality-analysis/grimes,1,357,0.28,11.9
https://9takes.com/personality-analysis/hailey-bieber,1,256,0.39,10.3
https://9takes.com/personality-analysis/halsey,1,72,1.39,7.7
https://9takes.com/personality-analysis/henry-cavill,1,446,0.22,11.0
https://9takes.com/personality-analysis/jack-dorsey,1,191,0.52,10.4
https://9takes.com/personality-analysis/jackie-kennedy,1,179,0.56,11.7
https://9takes.com/personality-analysis/jennifer-lopez,1,371,0.27,10.2
https://9takes.com/personality-analysis/jimmy-fallon,1,176,0.57,6.8
https://9takes.com/personality-analysis/joaquin-phoenix,1,280,0.36,8.3
https://9takes.com/personality-analysis/john-travolta,1,47,2.13,8.5
https://9takes.com/personality-analysis/jon-bernthal,1,63,1.59,7.1
https://9takes.com/personality-analysis/justin-bieber,1,234,0.43,11.9
https://9takes.com/personality-analysis/kai-cenat,1,598,0.17,7.7
https://9takes.com/personality-analysis/kim-kardashian,1,173,0.58,10.8
https://9takes.com/personality-analysis/kourtney-kardashian,1,278,0.36,8.4
https://9takes.com/personality-analysis/lili-reinhart,1,26,3.85,10.4
https://9takes.com/personality-analysis/lionel-messi,1,39,2.56,9.1
https://9takes.com/personality-analysis/madison-beer,1,414,0.24,9.8
https://9takes.com/personality-analysis/marc-andreessen,1,49,2.04,7.2
https://9takes.com/personality-analysis/marcello-hernandez,1,33,3.03,11.9
https://9takes.com/personality-analysis/meryl-streep,1,21,4.76,3.8
https://9takes.com/personality-analysis/michael-seibel,1,129,0.78,8.2
https://9takes.com/personality-analysis/mr-beast,1,347,0.29,8.2
https://9takes.com/personality-analysis/nikola-tesla,1,323,0.31,10.8
https://9takes.com/personality-analysis/peter-thiel,1,272,0.37,7.8
https://9takes.com/personality-analysis/ray-dalio,1,57,1.75,12.1
https://9takes.com/personality-analysis/rihanna,1,31,3.23,13.0
https://9takes.com/personality-analysis/robert-de-niro,1,61,1.64,9.6
https://9takes.com/personality-analysis/ryan-grim,1,27,3.70,6.4
https://9takes.com/personality-analysis/saagar-enjeti,1,7,14.29,17.0
https://9takes.com/personality-analysis/sam-parr,1,60,1.67,8.0
https://9takes.com/personality-analysis/sean-evans,1,27,3.70,8.7
https://9takes.com/personality-analysis/selena-gomez,1,457,0.22,10.2
https://9takes.com/personality-analysis/sergey-brin,1,67,1.49,11.8
https://9takes.com/personality-analysis/shaan-puri,1,83,1.20,7.0
https://9takes.com/personality-analysis/stephen-colbert,1,38,2.63,8.0
https://9takes.com/personality-analysis/sundar-pichai,1,63,1.59,7.7
https://9takes.com/personality-analysis/sydney-sweeney,1,1308,0.08,7.3
https://9takes.com/personality-analysis/tara-yummy,1,203,0.49,8.2
https://9takes.com/personality-analysis/trisha-paytas,1,80,1.25,8.9
https://9takes.com/personality-analysis/tyler-cowen,1,57,1.75,7.0
https://9takes.com/personality-analysis/type/1,1,812,0.12,54.9
https://9takes.com/personality-analysis/type/5,1,828,0.12,54.0
https://9takes.com/personality-analysis/winston-churchill,1,199,0.50,13.7
https://9takes.com/personality-analysis/xqc,1,170,0.59,7.7
https://9takes.com/personality-analysis/zara-larsson,1,87,1.15,8.2
https://9takes.com/personality-analysis/zoe-kravitz,1,87,1.15,10.6
https://9takes.com/personality-analysis/zohran-mamdani,1,47,2.13,7.7
https://9takes.com/pop-culture/cancel-culture-enneagram-type,1,74,1.35,9.5
https://9takes.com/pop-culture/epstein-psychology-part-1,1,411,0.24,10.7
https://9takes.com/pop-culture/hollywood-heartthrobs-enneagram-analysis,1,89,1.12,10.3
https://9takes.com/pop-culture/tech-titans-ai-wars,1,851,0.12,8.7
https://9takes.com/pop-culture/tech-titans-enneagram-analysis,1,214,0.47,7.7
https://9takes.com/pop-culture/tech-titans-leadership-styles,1,229,0.44,7.8
https://9takes.com/pop-culture/twitter-x-personality-types-toxic,1,259,0.39,7.7
https://9takes.com/about,0,60,0.00,3.5
https://9takes.com/community,0,27,0.00,7.3
https://9takes.com/community/consensus-on-human-nature,0,26,0.00,7.2
https://9takes.com/community/how-minds-change-on-9takes,0,2,0.00,17.0
https://9takes.com/community/kantian-filters-and-nine-perspectives,0,5,0.00,7.6
https://9takes.com/community/personality-frameworks-map-not-territory,0,9,0.00,6.2
https://9takes.com/community/societal-ticking-time-bombs,0,27,0.00,9.2
https://9takes.com/community/software-and-hardware-of-the-mind,0,15,0.00,9.7
https://9takes.com/community/why-im-selective-sharing-enneagram,0,13,0.00,8.9
https://9takes.com/corpus-stats,0,256,0.00,9.3
https://9takes.com/enneagram-corner/anxiety-and-enneagram-types-guide,0,36,0.00,25.0
https://9takes.com/enneagram-corner/astrology-and-the-enneagram#enneagram-subtypes-and-astrological-elements,0,146,0.00,8.2
https://9takes.com/enneagram-corner/astrology-and-the-enneagram#enneagram-types-and-astrological-houses,0,166,0.00,8.1
https://9takes.com/enneagram-corner/astrology-and-the-enneagram#enneagram-types-and-zodiac-signs-the-complete-correlation-chart,0,281,0.00,7.3
https://9takes.com/enneagram-corner/astrology-and-the-enneagram#enneagram-vs-astrology-whats-the-difference,0,164,0.00,6.9
https://9takes.com/enneagram-corner/astrology-and-the-enneagram#enneagram-wings-and-planetary-aspects,0,266,0.00,7.6
https://9takes.com/enneagram-corner/astrology-and-the-enneagram#how-to-read-your-birth-chart-and-enneagram-type-together,0,214,0.00,7.9
https://9takes.com/enneagram-corner/astrology-and-the-enneagram#what-enneagram-type-is-your-zodiac-sign,0,381,0.00,7.1
https://9takes.com/enneagram-corner/astrology-and-the-enneagram#when-your-type-and-sign-seem-to-contradict,0,68,0.00,8.4
https://9takes.com/enneagram-corner/astrology-and-the-enneagram#why-each-enneagram-type-matches-its-zodiac-sign,0,374,0.00,7.0
https://9takes.com/enneagram-corner/attachment-styles-and-enneagram-types#the-enneagram-attachment-healing-matrix,0,79,0.00,7.7
https://9takes.com/enneagram-corner/attachment-styles-and-enneagram-types#the-missing-piece-what-is-the-enneagram,0,115,0.00,7.3
https://9takes.com/enneagram-corner/attachment-styles-and-enneagram-types#the-three-centers-a-quick-lens-before-we-dive-in,0,37,0.00,7.4
https://9takes.com/enneagram-corner/attachment-styles-and-enneagram-types#two-kinds-of-avoidant-the-distinction-most-articles-skip,0,106,0.00,6.8
https://9takes.com/enneagram-corner/attachment-styles-and-enneagram-types#type-1-the-perfectionists-attachment-dilemma,0,92,0.00,7.6
https://9takes.com/enneagram-corner/attachment-styles-and-enneagram-types#type-2-the-helpers-anxious-attachment-trap,0,175,0.00,7.2
https://9takes.com/enneagram-corner/attachment-styles-and-enneagram-types#type-3-the-achievers-performance-based-attachment,0,96,0.00,7.0
https://9takes.com/enneagram-corner/attachment-styles-and-enneagram-types#type-4-the-individualists-push-pull-attachment,0,167,0.00,6.4
https://9takes.com/enneagram-corner/attachment-styles-and-enneagram-types#type-5-the-investigators-dismissive-fortress,0,44,0.00,5.9
https://9takes.com/enneagram-corner/attachment-styles-and-enneagram-types#type-6-the-loyalists-anxiety-spiral,0,22,0.00,6.3
https://9takes.com/enneagram-corner/attachment-styles-and-enneagram-types#type-7-the-enthusiasts-avoidance-through-adventure,0,13,0.00,7.7
https://9takes.com/enneagram-corner/attachment-styles-and-enneagram-types#type-8-the-challengers-armored-heart,0,40,0.00,6.7
https://9takes.com/enneagram-corner/attachment-styles-and-enneagram-types#type-9-the-peacemakers-invisible-attachment,0,34,0.00,7.6
https://9takes.com/enneagram-corner/attachment-styles-and-enneagram-types#what-are-attachment-styles-really,0,171,0.00,7.1
https://9takes.com/enneagram-corner/biggest-compliments-to-give-each-enneagram-type#compliment-cheat-sheet,0,62,0.00,4.9
https://9takes.com/enneagram-corner/biggest-compliments-to-give-each-enneagram-type#type-1-the-perfectionist,0,40,0.00,5.0
https://9takes.com/enneagram-corner/biggest-compliments-to-give-each-enneagram-type#type-2-the-helper,0,41,0.00,5.0
https://9takes.com/enneagram-corner/biggest-compliments-to-give-each-enneagram-type#type-3-the-achiever,0,59,0.00,4.8
https://9takes.com/enneagram-corner/biggest-compliments-to-give-each-enneagram-type#type-4-the-individualist,0,40,0.00,5.0
https://9takes.com/enneagram-corner/biggest-compliments-to-give-each-enneagram-type#type-5-the-investigator,0,62,0.00,4.9
https://9takes.com/enneagram-corner/biggest-compliments-to-give-each-enneagram-type#type-6-the-loyalist,0,42,0.00,5.0
https://9takes.com/enneagram-corner/depression-patterns-by-enneagram-type#depression-patterns-comparison-table,0,254,0.00,6.8
https://9takes.com/enneagram-corner/depression-patterns-by-enneagram-type#how-your-type-relates-to-medication,0,27,0.00,6.7
https://9takes.com/enneagram-corner/depression-patterns-by-enneagram-type#type-1-the-perfectionists-depression,0,74,0.00,7.2
https://9takes.com/enneagram-corner/depression-patterns-by-enneagram-type#type-2-the-helpers-depression,0,91,0.00,7.4
https://9takes.com/enneagram-corner/depression-patterns-by-enneagram-type#type-3-the-achievers-invisible-depression,0,165,0.00,6.8
https://9takes.com/enneagram-corner/depression-patterns-by-enneagram-type#type-4-the-individualists-depression,0,121,0.00,7.1
https://9takes.com/enneagram-corner/depression-patterns-by-enneagram-type#type-5-the-investigators-depression,0,49,0.00,7.9
https://9takes.com/enneagram-corner/depression-patterns-by-enneagram-type#type-6-the-loyalists-depression,0,79,0.00,6.3
https://9takes.com/enneagram-corner/depression-patterns-by-enneagram-type#type-7-the-enthusiasts-hidden-depression,0,215,0.00,7.1
https://9takes.com/enneagram-corner/depression-patterns-by-enneagram-type#type-8-the-challengers-depression,0,57,0.00,6.9
https://9takes.com/enneagram-corner/depression-patterns-by-enneagram-type#type-9-the-peacemakers-depression,0,241,0.00,6.6
https://9takes.com/enneagram-corner/depression-patterns-by-enneagram-type#when-you-dont-recognize-your-own-depression,0,122,0.00,7.3
https://9takes.com/enneagram-corner/depression-patterns-by-enneagram-type#why-depression-varies-by-enneagram-type,0,283,0.00,6.9
https://9takes.com/enneagram-corner/enneagram-addiction-recovery-guide,0,9,0.00,8.3
https://9takes.com/enneagram-corner/enneagram-and-adhd-which-types-struggle-most#coping-strategies-that-actually-work-by-type,0,425,0.00,4.6
https://9takes.com/enneagram-corner/enneagram-and-adhd-which-types-struggle-most#how-adhd-affects-each-enneagram-type-differently,0,697,0.00,4.3
https://9takes.com/enneagram-corner/enneagram-and-adhd-which-types-struggle-most#when-to-seek-professional-help,0,425,0.00,4.6
https://9takes.com/enneagram-corner/enneagram-and-adhd-which-types-struggle-most#which-enneagram-types-are-most-commonly-diagnosed-with-adhd,0,433,0.00,4.6
https://9takes.com/enneagram-corner/enneagram-and-adhd-which-types-struggle-most#why-your-enneagram-type-affects-how-adhd-shows-up,0,689,0.00,4.3
https://9takes.com/enneagram-corner/enneagram-and-mental-illness#important-context-and-disclaimer,0,152,0.00,4.7
https://9takes.com/enneagram-corner/enneagram-and-mental-illness#mental-health-risk-overview-by-type,0,611,0.00,6.1
https://9takes.com/enneagram-corner/enneagram-and-mental-illness#type-1-perfectionism-and-obsessive-compulsive-tendencies,0,864,0.00,8.0
https://9takes.com/enneagram-corner/enneagram-and-mental-illness#type-2-codependency-and-emotional-manipulation,0,585,0.00,8.7
https://9takes.com/enneagram-corner/enneagram-and-mental-illness#type-3-narcissistic-traits-and-imposter-syndrome,0,711,0.00,8.1
https://9takes.com/enneagram-corner/enneagram-and-mental-illness#type-4-chronic-depression-and-identity-issues,0,788,0.00,8.1
https://9takes.com/enneagram-corner/enneagram-and-mental-illness#type-5-social-isolation-and-schizoid-tendencies,0,514,0.00,7.5
https://9takes.com/enneagram-corner/enneagram-and-mental-illness#type-6-anxiety-disorders-and-paranoid-thinking,0,911,0.00,7.4
https://9takes.com/enneagram-corner/enneagram-and-mental-illness#type-7-manic-behavior-and-addiction-struggles,0,524,0.00,9.2
https://9takes.com/enneagram-corner/enneagram-and-religion#christian-enneagram-resources,0,5,0.00,6.6
https://9takes.com/enneagram-corner/enneagram-and-religion#christianity-and-the-enneagram,0,12,0.00,6.1
https://9takes.com/enneagram-corner/enneagram-and-religion#enneagram-types-and-the-fruits-of-the-spirit,0,5,0.00,6.6
https://9takes.com/enneagram-corner/enneagram-and-religion#sufism-and-the-enneagrams-origins,0,6,0.00,7.0
https://9takes.com/enneagram-corner/enneagram-and-religion#the-enneagram-and-judaism,0,12,0.00,6.1
https://9takes.com/enneagram-corner/enneagram-anxiety-complete-guide,0,201,0.00,11.3
https://9takes.com/enneagram-corner/enneagram-books-websites-podcasts,0,56,0.00,57.6
https://9takes.com/enneagram-corner/enneagram-childhood-stereotypes#type-4-the-tortured-artists,0,1,0.00,11.0
https://9takes.com/enneagram-corner/enneagram-childhood-stereotypes#type-6-the-loyal-protectors,0,1,0.00,11.0
https://9takes.com/enneagram-corner/enneagram-communication-guide,0,220,0.00,15.0
https://9takes.com/enneagram-corner/enneagram-communication-styles,0,149,0.00,12.5
https://9takes.com/enneagram-corner/enneagram-communication-styles#type-1-the-perfectionists-dictionary,0,3,0.00,10.7
https://9takes.com/enneagram-corner/enneagram-communication-styles#type-2-the-helpers-emotional-radar,0,9,0.00,7.9
https://9takes.com/enneagram-corner/enneagram-communication-styles#type-3-the-achievers-efficiency-engine,0,9,0.00,7.9
https://9takes.com/enneagram-corner/enneagram-communication-styles#type-4-the-individualists-emotional-symphony,0,3,0.00,10.7
https://9takes.com/enneagram-corner/enneagram-communication-styles#type-5-the-investigators-data-stream,0,5,0.00,9.6
https://9takes.com/enneagram-corner/enneagram-communication-styles#type-6-the-loyalists-radar-system,0,3,0.00,10.7
https://9takes.com/enneagram-corner/enneagram-communication-styles#type-7-the-enthusiasts-possibility-engine,0,7,0.00,7.9
https://9takes.com/enneagram-corner/enneagram-communication-tips,0,90,0.00,12.6
https://9takes.com/enneagram-corner/enneagram-compatibility-guide,0,197,0.00,9.8
https://9takes.com/enneagram-corner/enneagram-compatibility-matrix#1--1-the-perfectionist-mirror,0,2,0.00,11.5
https://9takes.com/enneagram-corner/enneagram-compatibility-matrix#1--7-the-paradox-pairing,0,3,0.00,12.0
https://9takes.com/enneagram-corner/enneagram-compatibility-matrix#how-compatibility-actually-works,0,89,0.00,8.2
https://9takes.com/enneagram-corner/enneagram-compatibility-matrix#how-to-navigate-challenging-enneagram-pairings,0,102,0.00,8.5
https://9takes.com/enneagram-corner/enneagram-compatibility-matrix#quick-reference-compatibility-table,0,6,0.00,11.0
https://9takes.com/enneagram-corner/enneagram-compatibility-matrix#red-flags-vs-growth-edges-in-enneagram-relationships,0,78,0.00,9.0
https://9takes.com/enneagram-corner/enneagram-compatibility-matrix#the-complete-compatibility-matrix-all-81-combinations,0,167,0.00,7.5
https://9takes.com/enneagram-corner/enneagram-compatibility-matrix#the-opposite-attraction,0,3,0.00,11.7
https://9takes.com/enneagram-corner/enneagram-compatibility-matrix#what-makes-any-enneagram-pairing-work,0,115,0.00,8.5
https://9takes.com/enneagram-corner/enneagram-compatibility-matrix#which-enneagram-types-are-most-compatible,0,136,0.00,8.0
https://9takes.com/enneagram-corner/enneagram-compatibility-matrix#why-opposites-attract-and-same-types-clash,0,66,0.00,9.5
https://9takes.com/enneagram-corner/enneagram-compatibility-matrix#why-youre-attracted-to-who-youre-attracted-to,0,4,0.00,11.8
https://9takes.com/enneagram-corner/enneagram-concepts,0,68,0.00,21.6
https://9takes.com/enneagram-corner/enneagram-connecting-lines,0,218,0.00,15.8
https://9takes.com/enneagram-corner/enneagram-criticisms,0,1,0.00,34.0
https://9takes.com/enneagram-corner/enneagram-dating-guide-for-men#how-to-read-her-type-in-the-first-three-dates,0,3,0.00,6.3
https://9takes.com/enneagram-corner/enneagram-dating-guide-for-men#type-1---the-perfectionist,0,2,0.00,6.5
https://9takes.com/enneagram-corner/enneagram-dating-guide-for-men#type-2---the-helper,0,5,0.00,7.0
https://9takes.com/enneagram-corner/enneagram-dating-guide-for-men#type-3---the-achiever,0,5,0.00,8.6
https://9takes.com/enneagram-corner/enneagram-dating-guide-for-men#type-5---the-investigator,0,2,0.00,8.0
https://9takes.com/enneagram-corner/enneagram-dating-guide-for-men#type-6---the-loyalist,0,2,0.00,6.5
https://9takes.com/enneagram-corner/enneagram-dating-guide-for-men#type-8---the-challenger,0,2,0.00,6.5
https://9takes.com/enneagram-corner/enneagram-dating-guide-for-men#type-9---the-peacemaker,0,3,0.00,10.0
https://9takes.com/enneagram-corner/enneagram-dating-guide-for-men#why-your-enneagram-type-determines-your-dating-success,0,8,0.00,8.1
https://9takes.com/enneagram-corner/enneagram-influences,0,297,0.00,48.0
https://9takes.com/enneagram-corner/enneagram-instinctual-subtypes#detailed-breakdown-each-enneagram-type-and-its-subtypes,0,179,0.00,9.6
https://9takes.com/enneagram-corner/enneagram-instinctual-subtypes#the-achiever-type-3,0,79,0.00,10.3
https://9takes.com/enneagram-corner/enneagram-instinctual-subtypes#the-enthusiast-type-7,0,70,0.00,10.5
https://9takes.com/enneagram-corner/enneagram-instinctual-subtypes#the-helper-type-2,0,177,0.00,9.6
https://9takes.com/enneagram-corner/enneagram-instinctual-subtypes#the-individualist-type-4,0,1,0.00,8.0
https://9takes.com/enneagram-corner/enneagram-instinctual-subtypes#the-investigator-type-5,0,70,0.00,10.5
https://9takes.com/enneagram-corner/enneagram-instinctual-subtypes#the-loyalist-type-6,0,5,0.00,10.8
https://9takes.com/enneagram-corner/enneagram-instinctual-subtypes#the-perfectionist-type-1,0,67,0.00,10.4
https://9takes.com/enneagram-corner/enneagram-instinctual-subtypes#why-instinctual-subtypes-matter,0,169,0.00,9.6
https://9takes.com/enneagram-corner/enneagram-mental-health-flags#type-1-the-perfectionists-pressure-cooker,0,6,0.00,7.2
https://9takes.com/enneagram-corner/enneagram-mental-health-flags#type-2-the-helpers-hidden-cry-for-help,0,3,0.00,6.7
https://9takes.com/enneagram-corner/enneagram-mental-health-flags#type-3-the-achievers-authenticity-alarm,0,6,0.00,6.3
https://9takes.com/enneagram-corner/enneagram-mental-health-flags#type-4-the-individualists-emotional-tsunami-warning,0,5,0.00,7.0
https://9takes.com/enneagram-corner/enneagram-mental-health-flags#type-5-the-investigators-information-overload-alert,0,3,0.00,6.0
https://9takes.com/enneagram-corner/enneagram-mental-health-flags#type-6-the-loyalists-anxiety-alarm-system,0,4,0.00,6.0
https://9takes.com/enneagram-corner/enneagram-mental-health-flags#type-7-the-enthusiasts-escape-hatch-alert,0,5,0.00,6.0
https://9takes.com/enneagram-corner/enneagram-mental-health-flags#type-8-the-challengers-vulnerability-fortress-alarm,0,4,0.00,6.0
https://9takes.com/enneagram-corner/enneagram-party-planner#how-to-actually-get-each-type-to-show-up,0,2,0.00,10.5
https://9takes.com/enneagram-corner/enneagram-party-planner#type-1-the-perfectionist,0,2,0.00,10.5
https://9takes.com/enneagram-corner/enneagram-party-planner#type-3-the-achiever,0,1,0.00,10.0
https://9takes.com/enneagram-corner/enneagram-party-planner#type-4-the-individualist,0,1,0.00,10.0
https://9takes.com/enneagram-corner/enneagram-party-planner#type-5-the-observer,0,2,0.00,10.5
https://9takes.com/enneagram-corner/enneagram-party-planner#type-7-the-enthusiast,0,1,0.00,10.0
https://9takes.com/enneagram-corner/enneagram-party-planner#why-your-invites-arent-working,0,1,0.00,10.0
https://9takes.com/enneagram-corner/enneagram-personal-growth,0,322,0.00,25.5
https://9takes.com/enneagram-corner/enneagram-personal-growth#type-1-the-perfectionist---from-critic-to-coach,0,1,0.00,10.0
https://9takes.com/enneagram-corner/enneagram-personal-growth#type-3-the-achiever---from-performer-to-person,0,1,0.00,10.0
https://9takes.com/enneagram-corner/enneagram-science-mental-health,0,177,0.00,10.8
https://9takes.com/enneagram-corner/enneagram-self-development,0,54,0.00,27.3
https://9takes.com/enneagram-corner/enneagram-strengths-and-weaknesses#strengths-in-different-contexts,0,67,0.00,8.1
https://9takes.com/enneagram-corner/enneagram-strengths-and-weaknesses#type-1---the-perfectionist,0,93,0.00,6.7
https://9takes.com/enneagram-corner/enneagram-strengths-and-weaknesses#type-2---the-helper,0,68,0.00,7.1
https://9takes.com/enneagram-corner/enneagram-strengths-and-weaknesses#type-3---the-achiever,0,59,0.00,7.3
https://9takes.com/enneagram-corner/enneagram-strengths-and-weaknesses#type-4---the-individualist,0,81,0.00,7.0
https://9takes.com/enneagram-corner/enneagram-strengths-and-weaknesses#type-5---the-investigator,0,45,0.00,6.3
https://9takes.com/enneagram-corner/enneagram-strengths-and-weaknesses#type-6---the-loyalist,0,15,0.00,8.3
https://9takes.com/enneagram-corner/enneagram-strengths-and-weaknesses#type-7---the-enthusiast,0,23,0.00,7.0
https://9takes.com/enneagram-corner/enneagram-strengths-and-weaknesses#type-8---the-challenger,0,38,0.00,7.6
https://9takes.com/enneagram-corner/enneagram-strengths-and-weaknesses#type-9---the-peacemaker,0,27,0.00,8.2
https://9takes.com/enneagram-corner/enneagram-strengths-and-weaknesses#working-with-your-weaknesses-a-strategic-approach,0,102,0.00,7.6
https://9takes.com/enneagram-corner/enneagram-stress-number,0,51,0.00,56.1
https://9takes.com/enneagram-corner/enneagram-team-dynamics,0,347,0.00,27.9
https://9takes.com/enneagram-corner/enneagram-test-comparison-2025#faqs-about-enneagram-tests,0,53,0.00,6.5
https://9takes.com/enneagram-corner/enneagram-test-comparison-2025#quick-reference-test-comparison-table,0,17,0.00,6.6
https://9takes.com/enneagram-corner/enneagram-test-comparison-2025#red-flags-tests-to-avoid,0,10,0.00,6.8
https://9takes.com/enneagram-corner/enneagram-test-comparison-2025#the-10-best-enneagram-tests-for-2025-ranked,0,77,0.00,6.4
https://9takes.com/enneagram-corner/enneagram-test-comparison-2025#what-an-enneagram-test-actually-measures,0,27,0.00,6.5
https://9takes.com/enneagram-corner/enneagram-test-comparison-2025#which-test-should-you-take-decision-tree,0,11,0.00,7.2
https://9takes.com/enneagram-corner/enneagram-test-comparison-2025#why-most-enneagram-tests-fail,0,11,0.00,7.3
https://9takes.com/enneagram-corner/enneagram-tldr#how-you-fall-apart-and-grow,0,1,0.00,9.0
https://9takes.com/enneagram-corner/enneagram-tldr#narrow-down-your-type-in-30-seconds,0,1,0.00,9.0
https://9takes.com/enneagram-corner/enneagram-tldr#the-9-human-operating-systems,0,1,0.00,9.0
https://9takes.com/enneagram-corner/enneagram-tldr#the-uncomfortable-truth-test,0,1,0.00,9.0
https://9takes.com/enneagram-corner/enneagram-tldr#types-that-get-confused,0,1,0.00,9.0
https://9takes.com/enneagram-corner/enneagram-type-1#how-1s-handle-conflict-the-competency-approach,0,3,0.00,11.0
https://9takes.com/enneagram-corner/enneagram-type-1#relationships-the-improvement-project,0,3,0.00,11.0
https://9takes.com/enneagram-corner/enneagram-type-1#the-anger-underneath,0,3,0.00,11.0
https://9takes.com/enneagram-corner/enneagram-type-1#the-childhood-blueprint,0,3,0.00,11.0
https://9takes.com/enneagram-corner/enneagram-type-1#the-internal-courtroom,0,3,0.00,11.0
https://9takes.com/enneagram-corner/enneagram-type-1#the-perfection-paradox,0,3,0.00,11.0
https://9takes.com/enneagram-corner/enneagram-type-1#when-standards-shatter-ones-under-stress,0,3,0.00,11.0
https://9takes.com/enneagram-corner/enneagram-type-5#fives-at-work,0,23,0.00,11.0
https://9takes.com/enneagram-corner/enneagram-type-5#how-5s-handle-conflict-the-competency-approach,0,17,0.00,10.9
https://9takes.com/enneagram-corner/enneagram-type-5#reading-a-five-what-people-get-wrong,0,19,0.00,11.1
https://9takes.com/enneagram-corner/enneagram-type-5#the-childhood-blueprint,0,39,0.00,10.6
https://9takes.com/enneagram-corner/enneagram-type-5#the-cost-of-distance,0,34,0.00,10.6
https://9takes.com/enneagram-corner/enneagram-type-5#the-fortress-mind,0,19,0.00,11.1
https://9takes.com/enneagram-corner/enneagram-type-5#when-the-fortress-crumbles-fives-under-stress,0,36,0.00,10.7
https://9takes.com/enneagram-corner/enneagram-type-5#when-the-mind-catches-fire,0,6,0.00,10.7
https://9takes.com/enneagram-corner/enneagram-type-6#how-6s-handle-conflict-the-reactive-approach,0,4,0.00,9.3
https://9takes.com/enneagram-corner/enneagram-type-6#the-body-keeps-score,0,3,0.00,10.7
https://9takes.com/enneagram-corner/enneagram-type-6#the-childhood-betrayal,0,3,0.00,10.7
https://9takes.com/enneagram-corner/enneagram-type-6#the-devils-advocate-reflex,0,3,0.00,10.7
https://9takes.com/enneagram-corner/enneagram-type-6#the-loyalty-loop,0,4,0.00,9.3
https://9takes.com/enneagram-corner/enneagram-type-6#two-flavors-of-fear-phobic-vs-counterphobic,0,4,0.00,9.3
https://9takes.com/enneagram-corner/enneagram-type-6#wings-how-your-neighbors-shape-you,0,3,0.00,10.7
https://9takes.com/enneagram-corner/enneagram-type-7#how-7s-handle-conflict-the-positive-outlook-approach,0,5,0.00,1.0
https://9takes.com/enneagram-corner/enneagram-type-7#how-you-navigate-relationships,0,5,0.00,1.0
https://9takes.com/enneagram-corner/enneagram-type-7#how-your-possibility-engine-works,0,5,0.00,1.0
https://9takes.com/enneagram-corner/enneagram-type-7#the-tradeoffs-lets-be-real,0,5,0.00,1.0
https://9takes.com/enneagram-corner/enneagram-type-7#what-happens-when-you-cant-escape,0,5,0.00,1.0
https://9takes.com/enneagram-corner/enneagram-type-7#where-this-all-started,0,5,0.00,1.0
https://9takes.com/enneagram-corner/enneagram-type-7#your-mind-works-like-jazz-improvisation,0,5,0.00,1.0
https://9takes.com/enneagram-corner/enneagram-type-9#how-9s-handle-conflict-the-positive-outlook-approach,0,23,0.00,9.0
https://9takes.com/enneagram-corner/enneagram-type-9#how-nines-navigate-the-world,0,10,0.00,9.4
https://9takes.com/enneagram-corner/enneagram-type-9#nines-in-relationships,0,14,0.00,9.0
https://9takes.com/enneagram-corner/enneagram-type-9#the-comfort-of-routine,0,16,0.00,9.0
https://9takes.com/enneagram-corner/enneagram-type-9#when-things-get-overwhelming,0,1,0.00,10.0
https://9takes.com/enneagram-corner/enneagram-type-9#where-this-started,0,11,0.00,9.3
https://9takes.com/enneagram-corner/enneagram-type-9#your-body-knows-even-when-you-dont,0,1,0.00,10.0
https://9takes.com/enneagram-corner/enneagram-types-and-career-choices#7-signs-youre-in-the-wrong-job-for-your-type,0,4,0.00,6.0
https://9takes.com/enneagram-corner/enneagram-types-and-career-choices#career-match-comparison-table,0,20,0.00,6.8
https://9takes.com/enneagram-corner/enneagram-types-and-career-choices#type-1---the-perfectionist-pursuing-excellence-in-their-chosen-field,0,16,0.00,10.1
https://9takes.com/enneagram-corner/enneagram-types-and-career-choices#type-2---the-helper-building-careers-around-empowering-others,0,20,0.00,9.6
https://9takes.com/enneagram-corner/enneagram-types-and-career-choices#type-3---the-achiever-driven-to-succeed-in-high-powered-roles,0,19,0.00,9.5
https://9takes.com/enneagram-corner/enneagram-types-and-career-choices#type-4---the-individualist-expressing-creativity-in-unique-careers,0,27,0.00,9.4
https://9takes.com/enneagram-corner/enneagram-types-and-career-choices#type-5---the-investigator-analyzing-complex-problems-in-specialized-fields,0,17,0.00,9.6
https://9takes.com/enneagram-corner/enneagram-types-and-career-choices#type-6---the-loyalist-finding-security-in-responsible-positions,0,13,0.00,10.0
https://9takes.com/enneagram-corner/enneagram-types-and-career-choices#why-the-enneagram-matters-in-career-choice,0,45,0.00,8.0
https://9takes.com/enneagram-corner/enneagram-types-at-party#party-behavior-cheat-sheet,0,21,0.00,6.4
https://9takes.com/enneagram-corner/enneagram-types-at-party#type-1-the-secret-party-police,0,14,0.00,5.8
https://9takes.com/enneagram-corner/enneagram-types-at-party#type-2-the-emotional-support-party,0,13,0.00,6.1
https://9takes.com/enneagram-corner/enneagram-types-at-party#type-3-the-party-ceo,0,15,0.00,6.3
https://9takes.com/enneagram-corner/enneagram-types-at-party#type-4-the-partys-dark-poet,0,12,0.00,6.0
https://9takes.com/enneagram-corner/enneagram-types-at-party#type-5-the-party-anthropologist,0,18,0.00,6.4
https://9takes.com/enneagram-corner/enneagram-types-at-party#type-6-the-party-safety-officer,0,1,0.00,7.0
https://9takes.com/enneagram-corner/enneagram-types-at-party#type-7-the-party-maximizer,0,15,0.00,6.3
https://9takes.com/enneagram-corner/enneagram-types-being-ghosted#the-universal-ghosting-recovery-protocol,0,1,0.00,7.0
https://9takes.com/enneagram-corner/enneagram-types-being-ghosted#type-3-the-achiever,0,1,0.00,6.0
https://9takes.com/enneagram-corner/enneagram-types-being-ghosted#type-4-the-individualist,0,2,0.00,6.5
https://9takes.com/enneagram-corner/enneagram-types-being-ghosted#type-5-the-investigator,0,1,0.00,6.0
https://9takes.com/enneagram-corner/enneagram-types-being-ghosted#type-6-the-loyalist,0,1,0.00,6.0
https://9takes.com/enneagram-corner/enneagram-types-being-ghosted#type-8-the-challenger,0,1,0.00,6.0
https://9takes.com/enneagram-corner/enneagram-types-being-ghosted#type-9-the-peacemaker,0,1,0.00,6.0
https://9takes.com/enneagram-corner/enneagram-types-being-ghosted#why-each-type-ghosts-comparison-table,0,2,0.00,6.5
https://9takes.com/enneagram-corner/enneagram-types-in-relationships,0,1574,0.00,36.3
https://9takes.com/enneagram-corner/enneagram-types-in-relationships#enneagram-compatibility-which-types-work-best-together,0,11,0.00,7.5
https://9takes.com/enneagram-corner/enneagram-types-in-relationships#enneagram-relationship-patterns-at-a-glance,0,1,0.00,11.0
https://9takes.com/enneagram-corner/enneagram-types-in-relationships#how-each-enneagram-type-behaves-in-relationships,0,31,0.00,7.7
https://9takes.com/enneagram-corner/enneagram-types-in-relationships#quick-enneagram-compatibility-overview,0,11,0.00,7.5
https://9takes.com/enneagram-corner/enneagram-types-in-relationships#type-1-in-relationships-when-perfect-love-meets-imperfect-reality,0,14,0.00,7.9
https://9takes.com/enneagram-corner/enneagram-types-in-relationships#type-4-in-relationships-the-intensity-of-longing-for-understanding,0,2,0.00,11.0
https://9takes.com/enneagram-corner/enneagram-types-in-relationships#type-5-in-relationships-love-at-a-safe-distance,0,3,0.00,9.3
https://9takes.com/enneagram-corner/enneagram-types-in-relationships#type-6-in-relationships-testing-trust-while-craving-security,0,1,0.00,11.0
https://9takes.com/enneagram-corner/enneagram-types-in-relationships#type-7-in-relationships-fear-of-missing-out-on-everything-including-depth,0,2,0.00,3.0
https://9takes.com/enneagram-corner/enneagram-types-in-relationships#what-happens-when-opposite-types-date,0,1,0.00,11.0
https://9takes.com/enneagram-corner/enneagram-types-in-stress#enneagram-1-in-stress,0,10,0.00,9.8
https://9takes.com/enneagram-corner/enneagram-types-in-stress#enneagram-2-in-stress,0,13,0.00,9.5
https://9takes.com/enneagram-corner/enneagram-types-in-stress#enneagram-3-in-stress,0,23,0.00,9.6
https://9takes.com/enneagram-corner/enneagram-types-in-stress#enneagram-4-in-stress,0,21,0.00,9.8
https://9takes.com/enneagram-corner/enneagram-types-in-stress#enneagram-5-in-stress,0,24,0.00,9.8
https://9takes.com/enneagram-corner/enneagram-types-in-stress#enneagram-6-in-stress,0,20,0.00,10.1
https://9takes.com/enneagram-corner/enneagram-types-in-stress#enneagram-7-in-stress,0,21,0.00,9.8
https://9takes.com/enneagram-corner/enneagram-types-in-stress#enneagram-8-in-stress,0,24,0.00,9.8
https://9takes.com/enneagram-corner/enneagram-types-in-stress#stress-breakdown-comparison-table,0,7,0.00,9.3
https://9takes.com/enneagram-corner/enneagram-types-on-a-first-date#type-1-the-perfectionist---planning-the-perfect-date,0,5,0.00,10.2
https://9takes.com/enneagram-corner/enneagram-types-on-a-first-date#type-2-the-helper---creating-connection-through-care,0,2,0.00,9.5
https://9takes.com/enneagram-corner/enneagram-types-on-a-first-date#type-3-the-achiever---putting-their-best-self-forward,0,6,0.00,8.8
https://9takes.com/enneagram-corner/enneagram-types-on-a-first-date#type-4-the-individualist---seeking-authentic-connection,0,3,0.00,9.7
https://9takes.com/enneagram-corner/enneagram-types-on-a-first-date#type-5-the-investigator---analyzing-the-connection,0,8,0.00,9.4
https://9takes.com/enneagram-corner/enneagram-types-on-a-first-date#type-6-the-loyalist---cautiously-optimistic,0,9,0.00,9.4
https://9takes.com/enneagram-corner/enneagram-types-on-a-first-date#type-7-the-enthusiast---seeking-adventure-and-possibility,0,2,0.00,9.5
https://9takes.com/enneagram-corner/enneagram-types-working-in-teams,0,474,0.00,52.5
https://9takes.com/enneagram-corner/enneagram-types-working-in-teams#enneagram-type-2-the-helper-who-keeps-teams-connected,0,1,0.00,10.0
https://9takes.com/enneagram-corner/enneagram-types-working-in-teams#enneagram-type-5-the-investigator-who-provides-insight,0,1,0.00,11.0
https://9takes.com/enneagram-corner/enneagram-types-working-in-teams#how-each-enneagram-type-works-in-a-team,0,2,0.00,10.5
https://9takes.com/enneagram-corner/enneagram-vs-meyers-briggs,0,214,0.00,27.2
https://9takes.com/enneagram-corner/enneagram-vs-meyers-briggs#mbti-to-enneagram-common-correlations,0,11,0.00,7.5
https://9takes.com/enneagram-corner/enneagram-vs-meyers-briggs#the-core-difference-in-one-sentence,0,11,0.00,7.5
https://9takes.com/enneagram-corner/enneagram-vs-meyers-briggs#what-the-enneagram-actually-measures,0,2,0.00,8.5
https://9takes.com/enneagram-corner/enneagram-wings-complete-guide#all-18-wing-combinations-at-a-glance,0,32,0.00,8.1
https://9takes.com/enneagram-corner/enneagram-wings-complete-guide#common-wing-mistyping-patterns,0,21,0.00,8.0
https://9takes.com/enneagram-corner/enneagram-wings-complete-guide#how-to-identify-your-true-wing,0,19,0.00,8.1
https://9takes.com/enneagram-corner/enneagram-wings-complete-guide#how-wings-actually-work-the-mechanism-most-people-miss,0,21,0.00,8.0
https://9takes.com/enneagram-corner/enneagram-wings-complete-guide#the-18-wing-combinations-deep-dive-analysis,0,29,0.00,8.0
https://9takes.com/enneagram-corner/enneagram-wings-complete-guide#what-are-enneagram-wings-and-why-they-matter-more-than-you-think,0,26,0.00,8.0
https://9takes.com/enneagram-corner/enneagram-wings-complete-guide#wing-dynamics-in-relationships,0,23,0.00,8.0
https://9takes.com/enneagram-corner/enneagram-wings-complete-guide#wings-at-work,0,15,0.00,8.1
https://9takes.com/enneagram-corner/enneagram-workplace-team-building,0,54,0.00,25.7
https://9takes.com/enneagram-corner/how-each-enneagram-type-manipulates#are-you-the-manipulator,0,3,0.00,10.0
https://9takes.com/enneagram-corner/how-each-enneagram-type-manipulates#frequently-asked-questions,0,12,0.00,7.2
https://9takes.com/enneagram-corner/how-each-enneagram-type-manipulates#manipulation-tactics-at-a-glance,0,10,0.00,7.3
https://9takes.com/enneagram-corner/how-each-enneagram-type-manipulates#the-psychology-of-manipulation,0,24,0.00,7.5
https://9takes.com/enneagram-corner/how-each-enneagram-type-manipulates#type-1-moral-superiority,0,20,0.00,6.7
https://9takes.com/enneagram-corner/how-each-enneagram-type-manipulates#type-2-guilt-and-obligation,0,7,0.00,7.0
https://9takes.com/enneagram-corner/how-each-enneagram-type-manipulates#type-3-image-crafting,0,5,0.00,6.6
https://9takes.com/enneagram-corner/how-each-enneagram-type-manipulates#type-4-emotional-drama,0,7,0.00,6.4
https://9takes.com/enneagram-corner/how-each-enneagram-type-manipulates#type-5-withholding-and-superiority,0,8,0.00,8.8
https://9takes.com/enneagram-corner/how-each-enneagram-type-manipulates#type-6-testing-and-accusation,0,14,0.00,5.9
https://9takes.com/enneagram-corner/how-each-enneagram-type-manipulates#type-7-distraction-and-reframing,0,4,0.00,7.3
https://9takes.com/enneagram-corner/how-each-enneagram-type-manipulates#type-8-intimidation-and-dominance,0,5,0.00,5.8
https://9takes.com/enneagram-corner/how-each-enneagram-type-manipulates#type-9-passive-resistance,0,17,0.00,6.0
https://9takes.com/enneagram-corner/how-each-enneagram-type-manipulates#when-manipulation-becomes-abuse,0,20,0.00,7.0
https://9takes.com/enneagram-corner/how-to-apologize-like-a-pro#how-to-tell-if-their-apology-is-real-based-on-their-type,0,2,0.00,5.0
https://9takes.com/enneagram-corner/how-to-apologize-like-a-pro#nine-apologies-one-for-each-types-blind-spot,0,3,0.00,5.3
https://9takes.com/enneagram-corner/how-to-apologize-like-a-pro#six-components-of-a-real-apology--and-the-ones-your-type-skips,0,2,0.00,5.0
https://9takes.com/enneagram-corner/how-to-apologize-like-a-pro#when-your-apology-meets-their-type,0,2,0.00,5.0
https://9takes.com/enneagram-corner/how-to-apologize-like-a-pro#where-each-types-apology-breaks-down,0,3,0.00,5.3
https://9takes.com/enneagram-corner/how-to-navigate-early-relationship-stages,0,91,0.00,12.7
https://9takes.com/enneagram-corner/love-languages-and-enneagram-types#how-to-discover-your-partners-love-language--enneagram-combination,0,15,0.00,10.1
https://9takes.com/enneagram-corner/love-languages-and-enneagram-types#type-1-the-perfectionists-love-language,0,11,0.00,10.9
https://9takes.com/enneagram-corner/love-languages-and-enneagram-types#type-2-the-helpers-love-language-paradox,0,13,0.00,10.3
https://9takes.com/enneagram-corner/love-languages-and-enneagram-types#type-3-the-achievers-performance-love,0,7,0.00,11.4
https://9takes.com/enneagram-corner/love-languages-and-enneagram-types#type-5-the-investigators-independent-love,0,6,0.00,11.8
https://9takes.com/enneagram-corner/love-languages-and-enneagram-types#type-6-the-loyalists-security-love,0,13,0.00,10.5
https://9takes.com/enneagram-corner/love-languages-and-enneagram-types#type-8-the-challengers-power-love,0,6,0.00,11.8
https://9takes.com/enneagram-corner/love-languages-and-enneagram-types#what-chapmans-quiz-gets-right-and-what-it-misses,0,1,0.00,9.0
https://9takes.com/enneagram-corner/mental-health/enneagram-addiction-recovery-guide#addiction-isnt-random--its-personality-shaped,0,36,0.00,6.4
https://9takes.com/enneagram-corner/mental-health/enneagram-addiction-recovery-guide#type-1-the-perfectionists-addictions,0,24,0.00,7.5
https://9takes.com/enneagram-corner/mental-health/enneagram-addiction-recovery-guide#type-2-the-helpers-addictions,0,19,0.00,7.8
https://9takes.com/enneagram-corner/mental-health/enneagram-addiction-recovery-guide#type-3-the-achievers-addictions,0,26,0.00,7.0
https://9takes.com/enneagram-corner/mental-health/enneagram-addiction-recovery-guide#type-4-the-individualists-addictions,0,5,0.00,7.8
https://9takes.com/enneagram-corner/mental-health/enneagram-addiction-recovery-guide#type-5-the-investigators-addictions,0,6,0.00,7.3
https://9takes.com/enneagram-corner/mental-health/enneagram-addiction-recovery-guide#type-6-the-loyalists-addictions,0,2,0.00,6.5
https://9takes.com/enneagram-corner/mental-health/enneagram-addiction-recovery-guide#type-7-the-enthusiasts-addictions,0,24,0.00,7.6
https://9takes.com/enneagram-corner/mental-health/enneagram-addiction-recovery-guide#type-8-the-challengers-addictions,0,15,0.00,9.1
https://9takes.com/enneagram-corner/mental-health/enneagram-addiction-recovery-guide#type-9-the-peacemakers-addictions,0,36,0.00,7.0
https://9takes.com/enneagram-corner/mental-health/enneagram-addiction-recovery-guide#universal-recovery-principles,0,5,0.00,4.6
https://9takes.com/enneagram-corner/mental-health/enneagram-crisis-management-guide#type-1-the-perfectionist-in-crisis,0,3,0.00,7.0
https://9takes.com/enneagram-corner/mental-health/enneagram-crisis-management-guide#type-2-the-helper-in-crisis,0,2,0.00,6.5
https://9takes.com/enneagram-corner/mental-health/enneagram-crisis-management-guide#type-3-the-achiever-in-crisis,0,7,0.00,6.4
https://9takes.com/enneagram-corner/mental-health/enneagram-crisis-management-guide#type-4-the-individualist-in-crisis,0,7,0.00,6.4
https://9takes.com/enneagram-corner/mental-health/enneagram-crisis-management-guide#type-6-the-loyalist-in-crisis,0,3,0.00,7.0
https://9takes.com/enneagram-corner/mental-health/enneagram-crisis-management-guide#type-7-the-enthusiast-in-crisis,0,3,0.00,7.0
https://9takes.com/enneagram-corner/mental-health/enneagram-crisis-management-guide#type-8-the-challenger-in-crisis,0,3,0.00,7.0
https://9takes.com/enneagram-corner/mental-health/enneagram-crisis-management-guide#understanding-crisis-through-the-enneagram,0,1,0.00,8.0
https://9takes.com/enneagram-corner/mental-health/enneagram-medication-mental-health#type-1-the-perfectionist-and-medication,0,9,0.00,5.6
https://9takes.com/enneagram-corner/mental-health/enneagram-medication-mental-health#type-2-the-helper-and-medication,0,5,0.00,4.4
https://9takes.com/enneagram-corner/mental-health/enneagram-medication-mental-health#type-4-the-individualist-and-medication,0,11,0.00,5.1
https://9takes.com/enneagram-corner/mental-health/enneagram-medication-mental-health#type-5-the-investigator-and-medication,0,9,0.00,5.2
https://9takes.com/enneagram-corner/mental-health/enneagram-medication-mental-health#type-6-the-loyalist-and-medication,0,7,0.00,5.3
https://9takes.com/enneagram-corner/mental-health/enneagram-medication-mental-health#type-7-the-enthusiast-and-medication,0,1,0.00,4.0
https://9takes.com/enneagram-corner/mental-health/enneagram-medication-mental-health#type-8-the-challenger-and-medication,0,7,0.00,5.6
https://9takes.com/enneagram-corner/mental-health/enneagram-medication-mental-health#type-9-the-peacemaker-and-medication,0,6,0.00,5.8
https://9takes.com/enneagram-corner/mental-health/enneagram-medication-mental-health#universal-medication-principles,0,5,0.00,5.8
https://9takes.com/enneagram-corner/mental-health/enneagram-medication-mental-health#why-your-type-matters-more-than-you-think,0,2,0.00,4.0
https://9takes.com/enneagram-corner/mental-health/enneagram-neurodivergence-guide#type-1-the-perfectionist--neurodivergence,0,228,0.00,7.0
https://9takes.com/enneagram-corner/mental-health/enneagram-neurodivergence-guide#type-2-the-helper--neurodivergence,0,298,0.00,6.7
https://9takes.com/enneagram-corner/mental-health/enneagram-neurodivergence-guide#type-3-the-achiever--neurodivergence,0,189,0.00,7.3
https://9takes.com/enneagram-corner/mental-health/enneagram-neurodivergence-guide#type-4-the-individualist--neurodivergence,0,317,0.00,6.9
https://9takes.com/enneagram-corner/mental-health/enneagram-neurodivergence-guide#type-5-the-investigator--neurodivergence,0,157,0.00,8.0
https://9takes.com/enneagram-corner/mental-health/enneagram-neurodivergence-guide#type-6-the-loyalist--neurodivergence,0,17,0.00,5.9
https://9takes.com/enneagram-corner/mental-health/enneagram-neurodivergence-guide#type-7-the-enthusiast--neurodivergence,0,170,0.00,7.8
https://9takes.com/enneagram-corner/mental-health/enneagram-neurodivergence-guide#type-8-the-challenger--neurodivergence,0,102,0.00,6.9
https://9takes.com/enneagram-corner/mental-health/enneagram-neurodivergence-guide#type-9-the-peacemaker--neurodivergence,0,67,0.00,7.5
https://9takes.com/enneagram-corner/mental-health/enneagram-neurodivergence-guide#what-were-covering,0,63,0.00,9.6
https://9takes.com/enneagram-corner/mental-health/enneagram-science-mental-health#clinical-applications,0,32,0.00,9.8
https://9takes.com/enneagram-corner/mental-health/enneagram-science-mental-health#limitations-and-criticisms-a-balanced-perspective,0,14,0.00,9.9
https://9takes.com/enneagram-corner/mental-health/enneagram-science-mental-health#neuroscience-of-the-enneagram,0,24,0.00,9.9
https://9takes.com/enneagram-corner/mental-health/enneagram-science-mental-health#the-scientific-foundation,0,32,0.00,9.8
https://9takes.com/enneagram-corner/mental-health/enneagram-therapy-resistance-guide,0,26,0.00,13.9
https://9takes.com/enneagram-corner/mental-health/enneagram-workplace-mental-health,0,31,0.00,14.1
https://9takes.com/enneagram-corner/neurodiversity-vs-personality#toc-both-can-be-true,0,9,0.00,7.7
https://9takes.com/enneagram-corner/neurodiversity-vs-personality#toc-from-labels-to-leverage,0,4,0.00,8.0
https://9takes.com/enneagram-corner/neurodiversity-vs-personality#toc-how-the-enneagram-actually-works,0,9,0.00,7.7
https://9takes.com/enneagram-corner/neurodiversity-vs-personality#toc-neurodiversity-is-real-and-thats-exactly-the-point,0,12,0.00,8.0
https://9takes.com/enneagram-corner/neurodiversity-vs-personality#toc-the-real-truth-no-one-is-normal,0,4,0.00,8.0
https://9takes.com/enneagram-corner/neurodiversity-vs-personality#toc-the-spectrum-is-real-but-its-missing-a-dimension,0,7,0.00,8.4
https://9takes.com/enneagram-corner/neurodiversity-vs-personality#toc-when-everyones-neurodivergent-no-one-is,0,4,0.00,8.0
https://9takes.com/enneagram-corner/philosophy-psychology-and-the-enneagram,0,33,0.00,9.2
https://9takes.com/enneagram-corner/red-flags-dating-each-enneagram-type,0,109,0.00,9.9
https://9takes.com/enneagram-corner/subtopic/development,0,3,0.00,7.0
https://9takes.com/enneagram-corner/subtopic/resources,0,5,0.00,23.8
https://9takes.com/enneagram-corner/subtopic/situational,0,31,0.00,20.0
https://9takes.com/enneagram-corner/toxic-traits-of-each-enneagram-type#the-darker-side-of-personality-why-everyone-has-toxic-traits,0,134,0.00,8.1
https://9takes.com/enneagram-corner/toxic-traits-of-each-enneagram-type#toxic-traits-red-flags-by-type,0,144,0.00,7.8
https://9takes.com/enneagram-corner/toxic-traits-of-each-enneagram-type#type-1-the-righteous-critic-whos-never-wrong,0,165,0.00,8.6
https://9takes.com/enneagram-corner/toxic-traits-of-each-enneagram-type#type-2-the-helper-with-hidden-hooks,0,174,0.00,8.7
https://9takes.com/enneagram-corner/toxic-traits-of-each-enneagram-type#type-3-the-success-addict-with-empty-achievements,0,105,0.00,8.9
https://9takes.com/enneagram-corner/toxic-traits-of-each-enneagram-type#type-4-the-emotional-amplifier-who-makes-everything-feel-personal,0,197,0.00,8.7
https://9takes.com/enneagram-corner/toxic-traits-of-each-enneagram-type#type-5-the-cold-analyzer-who-cant-connect,0,59,0.00,10.1
https://9takes.com/enneagram-corner/toxic-traits-of-each-enneagram-type#type-6-the-paranoid-overthinker-preparing-for-disasters,0,205,0.00,8.7
https://9takes.com/enneagram-corner/toxic-traits-of-each-enneagram-type#type-7-the-chronic-escapist-running-from-reality,0,110,0.00,9.0
https://9takes.com/enneagram-corner/toxic-traits-relationships-warning-signs#relationship-red-flags-by-type,0,120,0.00,8.4
https://9takes.com/enneagram-corner/toxic-traits-relationships-warning-signs#toxic-relationship-patterns-by-enneagram-type,0,122,0.00,8.4
https://9takes.com/enneagram-corner/toxic-traits-relationships-warning-signs#why-were-drawn-to-toxic-traits-against-our-better-judgment,0,94,0.00,8.7
https://9takes.com/how-to-guides,0,11,0.00,3.7
https://9takes.com/how-to-guides/5-tough-conversations-you-need-to-have-with-your-partner,0,67,0.00,38.6
https://9takes.com/how-to-guides/definitive-guide-to-relationship-conflict-part-2,0,18,0.00,21.1
https://9takes.com/how-to-guides/definitive-guide-to-self-efficacy,0,25,0.00,27.1
https://9takes.com/how-to-guides/the-crash-course-on-emotions-that-we-missed-in-kindergarten,0,14,0.00,12.9
https://9takes.com/how-to-guides/using-the-enneagram-for-self-development,0,81,0.00,23.0
https://9takes.com/personality-analysis/Abraham-Lincoln,0,4,0.00,33.0
https://9takes.com/personality-analysis/Alix-Earle,0,13,0.00,9.5
https://9takes.com/personality-analysis/Andrew-Schulz,0,5,0.00,6.6
https://9takes.com/personality-analysis/Charli-xcx,0,150,0.00,8.1
https://9takes.com/personality-analysis/Chris-Hemsworth,0,2,0.00,10.0
https://9takes.com/personality-analysis/Conor-McGregor,0,6,0.00,7.7
https://9takes.com/personality-analysis/Dave-Chappelle,0,19,0.00,8.7
https://9takes.com/personality-analysis/Emma-Stone,0,14,0.00,7.6
https://9takes.com/personality-analysis/Joaquin-Phoenix,0,4,0.00,1.8
https://9takes.com/personality-analysis/Julius-Caesar,0,69,0.00,7.8
https://9takes.com/personality-analysis/Leila-Hormozi,0,7,0.00,14.6
https://9takes.com/personality-analysis/Lupita-Nyongo,0,11,0.00,15.0
https://9takes.com/personality-analysis/Nancy-Reagan,0,2,0.00,10.0
https://9takes.com/personality-analysis/Napoleon-Bonaparte,0,38,0.00,9.2
https://9takes.com/personality-analysis/Pokimane,0,24,0.00,9.5
https://9takes.com/personality-analysis/Ryan-Reynolds,0,1,0.00,1.0
https://9takes.com/personality-analysis/Saagar-Enjeti,0,17,0.00,8.2
https://9takes.com/personality-analysis/Sam-Parr,0,3,0.00,8.3
https://9takes.com/personality-analysis/Sarah-J-Maas,0,4,0.00,16.3
https://9takes.com/personality-analysis/Shawn-Ryan,0,38,0.00,8.6
https://9takes.com/personality-analysis/Sundar-Pichai,0,5,0.00,10.6
https://9takes.com/personality-analysis/Tara-Yummy,0,1,0.00,8.0
https://9takes.com/personality-analysis/Tim-Cook,0,10,0.00,7.2
https://9takes.com/personality-analysis/Travis-Kalanick,0,34,0.00,7.1
https://9takes.com/personality-analysis/abraham-lincoln,0,7,0.00,11.0
https://9takes.com/personality-analysis/addison-rae,0,13,0.00,8.4
https://9takes.com/personality-analysis/adele,0,6,0.00,10.7
https://9takes.com/personality-analysis/adin-ross,0,62,0.00,9.2
https://9takes.com/personality-analysis/agatha-christie#agatha-christies-childhood-seeds-of-a-mystery-writer,0,62,0.00,6.5
https://9takes.com/personality-analysis/agatha-christie#agatha-christies-inner-demons-anxiety-depression-and-creative-genius,0,67,0.00,7.0
https://9takes.com/personality-analysis/agatha-christie#agatha-christies-second-life-the-archaeologists-eye,0,77,0.00,6.7
https://9takes.com/personality-analysis/agatha-christie#how-did-agatha-christie-write-her-novels-the-secret-process-behind-66-detective-novels,0,110,0.00,6.8
https://9takes.com/personality-analysis/agatha-christie#poirot-vs-marple-the-two-sides-of-christies-mind,0,60,0.00,6.8
https://9takes.com/personality-analysis/agatha-christie#why-did-agatha-christie-disappear-the-psychological-mystery-behind-her-famous-vanishing-act,0,71,0.00,6.9
https://9takes.com/personality-analysis/albert-einstein,0,36,0.00,9.1
https://9takes.com/personality-analysis/alex-cooper,0,137,0.00,11.7
https://9takes.com/personality-analysis/alex-cooper#from-an-apartment-to-a-war,0,4,0.00,3.8
https://9takes.com/personality-analysis/alex-cooper#how-she-gets-them-to-talk,0,2,0.00,3.5
https://9takes.com/personality-analysis/alex-cooper#the-girl-in-the-control-room,0,4,0.00,3.8
https://9takes.com/personality-analysis/alex-cooper#what-is-alex-coopers-personality-type,0,4,0.00,3.8
https://9takes.com/personality-analysis/alex-cooper#what-the-coach-wouldnt-say,0,2,0.00,3.5
https://9takes.com/personality-analysis/alex-cooper#what-they-actually-get-from-her,0,2,0.00,3.5
https://9takes.com/personality-analysis/alex-hormozi,0,267,0.00,8.2
https://9takes.com/personality-analysis/alex-karp#alex-karps-outsider-childhood,0,2,0.00,10.5
https://9takes.com/personality-analysis/alex-karp#how-alex-karp-became-palantirs-war-tech-ceo,0,3,0.00,10.0
https://9takes.com/personality-analysis/alex-karp#how-alex-karp-learned-to-fight-with-ideas,0,3,0.00,10.0
https://9takes.com/personality-analysis/alex-karp#what-is-alex-karps-personality-type,0,2,0.00,10.5
https://9takes.com/personality-analysis/alex-karp#why-alex-karp-cant-sit-still,0,2,0.00,10.5
https://9takes.com/personality-analysis/alex-karp#why-he-hid-the-dyslexia-for-decades,0,2,0.00,10.5
https://9takes.com/personality-analysis/alexandria-ocasio-cortez#boston-university-and-the-ted-kennedy-connection,0,3,0.00,3.0
https://9takes.com/personality-analysis/alexandria-ocasio-cortez#taking-on-titans,0,3,0.00,3.0
https://9takes.com/personality-analysis/alexandria-ocasio-cortez#the-aoc-way-personality-in-action,0,11,0.00,6.1
https://9takes.com/personality-analysis/alexandria-ocasio-cortez#the-bronx-where-it-started,0,3,0.00,3.0
https://9takes.com/personality-analysis/alexandria-ocasio-cortez#the-lost-decade,0,15,0.00,5.0
https://9takes.com/personality-analysis/alexandria-ocasio-cortez#the-pelosi-dynamic-type-6-meets-type-3,0,7,0.00,2.4
https://9takes.com/personality-analysis/alexandria-ocasio-cortez#what-is-alexandria-ocasio-cortezs-personality-type,0,15,0.00,5.0
https://9takes.com/personality-analysis/alexis-bledel,0,21,0.00,6.9
https://9takes.com/personality-analysis/ali-abdaal,0,64,0.00,8.9
https://9takes.com/personality-analysis/alix-earle,0,9,0.00,8.6
https://9takes.com/personality-analysis/alysa-liu,0,11,0.00,9.6
https://9takes.com/personality-analysis/amber-heard,0,47,0.00,9.8
https://9takes.com/personality-analysis/amber-heard#coming-out-a-calculated-risk-2010,0,1,0.00,3.0
https://9takes.com/personality-analysis/amber-heard#the-activist-identity-what-she-actually-did,0,1,0.00,3.0
https://9takes.com/personality-analysis/amber-heard#the-aquaman-2-humiliation,0,1,0.00,3.0
https://9takes.com/personality-analysis/amber-heard#the-depp-relationship-type-3-meets-type-4,0,1,0.00,3.0
https://9takes.com/personality-analysis/amber-heard#the-making-of-a-performer,0,1,0.00,3.0
https://9takes.com/personality-analysis/amber-heard#the-trial-a-type-3s-worst-nightmare,0,1,0.00,3.0
https://9takes.com/personality-analysis/amber-heard#what-is-amber-heards-personality-type,0,1,0.00,3.0
https://9takes.com/personality-analysis/amy-poehler,0,40,0.00,9.9
https://9takes.com/personality-analysis/andrew-callaghan,0,45,0.00,11.3
https://9takes.com/personality-analysis/anne-hathaway,0,43,0.00,11.0
https://9takes.com/personality-analysis/anthony-bourdain,0,117,0.00,8.5
https://9takes.com/personality-analysis/anya-taylor-joy,0,137,0.00,11.0
https://9takes.com/personality-analysis/anya-taylor-joy#i-had-no-energy-to-put-a-boundary-up,0,1,0.00,7.0
https://9takes.com/personality-analysis/anya-taylor-joy#too-many-feelings-and-nowhere-to-put-them,0,1,0.00,7.0
https://9takes.com/personality-analysis/anya-taylor-joy#what-is-anya-taylor-joys-personality-type,0,1,0.00,7.0
https://9takes.com/personality-analysis/ariana-grande,0,259,0.00,10.8
https://9takes.com/personality-analysis/arnold-schwarzenegger#emotions-on-deep-freeze,0,4,0.00,6.5
https://9takes.com/personality-analysis/arnold-schwarzenegger#the-boy-gustav-didnt-want,0,9,0.00,6.2
https://9takes.com/personality-analysis/arnold-schwarzenegger#the-first-schmah,0,4,0.00,6.5
https://9takes.com/personality-analysis/arnold-schwarzenegger#the-machine-and-the-accent,0,9,0.00,6.2
https://9takes.com/personality-analysis/arnold-schwarzenegger#the-secret-that-lasted-14-years,0,4,0.00,6.5
https://9takes.com/personality-analysis/arnold-schwarzenegger#what-is-arnold-schwarzeneggers-personality-type,0,9,0.00,6.2
https://9takes.com/personality-analysis/aubrey-plaza#building-ground-underfoot-from-survival-mode-to-control,0,9,0.00,9.6
https://9takes.com/personality-analysis/aubrey-plaza#i-forgot-how-to-talk-the-stroke-that-changed-everything,0,10,0.00,9.3
https://9takes.com/personality-analysis/aubrey-plaza#seven-seasons-of-found-family-parks-and-recreation,0,13,0.00,9.5
https://9takes.com/personality-analysis/aubrey-plaza#the-best-time-of-my-life-ucb-and-the-underground,0,10,0.00,9.3
https://9takes.com/personality-analysis/aubrey-plaza#the-shy-girl-from-delaware-who-watched-her-parents-build-from-nothing,0,12,0.00,9.8
https://9takes.com/personality-analysis/aubrey-plaza#weaponized-awkwardness-how-discomfort-became-a-tool,0,9,0.00,9.6
https://9takes.com/personality-analysis/austin-butler,0,3,0.00,6.0
https://9takes.com/personality-analysis/bad-bunny,0,29,0.00,6.4
https://9takes.com/personality-analysis/barack-obama,0,106,0.00,13.6
https://9takes.com/personality-analysis/bella-hadid,0,115,0.00,8.0
https://9takes.com/personality-analysis/bella-poarch,0,70,0.00,8.0
https://9takes.com/personality-analysis/ben-affleck,0,8,0.00,9.5
https://9takes.com/personality-analysis/bernie-sanders,0,19,0.00,18.9
https://9takes.com/personality-analysis/beyonce-knowles,0,76,0.00,14.1
https://9takes.com/personality-analysis/beyonce-knowles#the-cuts-that-made-destinys-child,0,2,0.00,11.0
https://9takes.com/personality-analysis/beyonce-knowles#the-girl-in-the-salon,0,1,0.00,10.0
https://9takes.com/personality-analysis/beyonce-knowles#the-machine-she-built-herself,0,1,0.00,10.0
https://9takes.com/personality-analysis/beyonce-knowles#the-woman-she-invented,0,1,0.00,10.0
https://9takes.com/personality-analysis/beyonce-knowles#what-is-beyoncs-personality-type,0,2,0.00,11.0
https://9takes.com/personality-analysis/beyonce-knowles#what-mathew-built,0,1,0.00,10.0
https://9takes.com/personality-analysis/bill-clinton,0,82,0.00,13.3
https://9takes.com/personality-analysis/bill-gates,0,203,0.00,13.6
https://9takes.com/personality-analysis/bill-gates#from-harvard-dropout-to-microsoft-mastermind,0,3,0.00,7.0
https://9takes.com/personality-analysis/bill-gates#lakeside-allen-and-the-friend-he-lost,0,3,0.00,7.0
https://9takes.com/personality-analysis/bill-gates#the-emotional-gates-behind-the-machine,0,3,0.00,7.0
https://9takes.com/personality-analysis/bill-gates#the-harsh-brilliance-gates-leadership-style,0,3,0.00,7.0
https://9takes.com/personality-analysis/bill-gates#the-investigators-quirks-and-habits,0,3,0.00,7.0
https://9takes.com/personality-analysis/bill-gates#the-making-of-an-investigator-gates-childhood,0,3,0.00,7.0
https://9takes.com/personality-analysis/bill-gates#under-fire-the-antitrust-years,0,3,0.00,7.0
https://9takes.com/personality-analysis/billie-eilish,0,275,0.00,9.0
https://9takes.com/personality-analysis/billie-eilish#i-felt-like-a-parody-of-myself,0,19,0.00,9.4
https://9takes.com/personality-analysis/billie-eilish#the-bedroom-in-highland-park,0,1,0.00,8.0
https://9takes.com/personality-analysis/billie-eilish#the-body-that-betrayed-her,0,1,0.00,8.0
https://9takes.com/personality-analysis/billie-eilish#the-brother-the-blood-harmony-the-fight,0,19,0.00,9.4
https://9takes.com/personality-analysis/billie-eilish#the-clothes-the-cover-and-the-wound-underneath,0,1,0.00,8.0
https://9takes.com/personality-analysis/billie-eilish#the-whisper-and-the-weight,0,1,0.00,8.0
https://9takes.com/personality-analysis/billie-eilish#what-is-billie-eilishs-personality-type,0,19,0.00,9.4
https://9takes.com/personality-analysis/blake-lively#what-is-blake-livelys-personality-type,0,1,0.00,10.0
https://9takes.com/personality-analysis/blake-lively#what-she-controls,0,1,0.00,10.0
https://9takes.com/personality-analysis/blake-lively#when-the-curated-world-cracked,0,1,0.00,10.0
https://9takes.com/personality-analysis/bob-dylan#behind-dark-glasses-the-private-struggles-fueling-creativity,0,60,0.00,8.4
https://9takes.com/personality-analysis/bob-dylan#minnesota-to-manhattan-the-outsider-finds-his-stage,0,59,0.00,8.5
https://9takes.com/personality-analysis/bob-dylan#never-ending-tour-dylans-perpetual-motion,0,59,0.00,8.5
https://9takes.com/personality-analysis/bob-dylan#newport-65-the-moment-that-split-dylans-world-in-two,0,60,0.00,8.5
https://9takes.com/personality-analysis/bob-dylan#nobel-prize-ambivalence-dylans-complicated-dance-with-recognition,0,60,0.00,8.5
https://9takes.com/personality-analysis/bob-dylan#reinvention-as-ritual-dylans-many-masks,0,99,0.00,8.3
https://9takes.com/personality-analysis/bobby-lee,0,63,0.00,7.3
https://9takes.com/personality-analysis/brad-pitt#behind-the-camera-producer-builder-humanitarian,0,19,0.00,4.7
https://9takes.com/personality-analysis/brad-pitt#f1-and-the-late-career-renaissance,0,19,0.00,4.7
https://9takes.com/personality-analysis/brad-pitt#fight-club-to-ad-astra-what-the-roles-reveal,0,19,0.00,4.7
https://9takes.com/personality-analysis/brad-pitt#from-university-dropout-to-thelma-and-louise,0,19,0.00,4.7
https://9takes.com/personality-analysis/brad-pitt#love-family-and-the-type-9-merging-pattern,0,21,0.00,5.1
https://9takes.com/personality-analysis/brad-pitt#springfield-missouri-how-the-heartland-shaped-hollywoods-most-laid-back-star,0,19,0.00,4.7
https://9takes.com/personality-analysis/brad-pitt#what-stresses-brad-pitt-out,0,21,0.00,5.1
https://9takes.com/personality-analysis/bradley-martyn,0,18,0.00,5.7
https://9takes.com/personality-analysis/brittany-broski,0,43,0.00,13.7
https://9takes.com/personality-analysis/caleb-hearon,0,37,0.00,7.3
https://9takes.com/personality-analysis/cardi-b,0,111,0.00,10.2
https://9takes.com/personality-analysis/categories/authors-thinkers,0,2,0.00,9.5
https://9takes.com/personality-analysis/categories/creator-media,0,14,0.00,6.2
https://9takes.com/personality-analysis/categories/film-tv,0,1,0.00,8.0
https://9takes.com/personality-analysis/categories/politics-public,0,8,0.00,6.1
https://9takes.com/personality-analysis/categories/tech-business,0,1,0.00,3.0
https://9takes.com/personality-analysis/chamath-palihapitiya,0,101,0.00,8.2
https://9takes.com/personality-analysis/chappell-roan#growing-up-kayleigh-the-origin-of-a-challenger,0,3,0.00,8.3
https://9takes.com/personality-analysis/chappell-roan#how-the-music-actually-sounds,0,3,0.00,8.3
https://9takes.com/personality-analysis/chappell-roan#strength-everywhere-except-love,0,3,0.00,8.3
https://9takes.com/personality-analysis/chappell-roan#the-breakthrough-that-almost-didnt-happen,0,3,0.00,8.3
https://9takes.com/personality-analysis/chappell-roan#the-mind-shes-building-in-public,0,2,0.00,8.5
https://9takes.com/personality-analysis/chappell-roan#the-mind-that-refuses-to-be-managed,0,1,0.00,8.0
https://9takes.com/personality-analysis/chappell-roan#the-pre-chappell-years-school-nights-and-the-atlantic-drop,0,2,0.00,8.5
https://9takes.com/personality-analysis/chappell-roan#the-wins-that-changed-the-math,0,1,0.00,8.0
https://9takes.com/personality-analysis/chappell-roan#what-is-chappell-roans-personality-type,0,3,0.00,8.3
https://9takes.com/personality-analysis/charli-d'amelio,0,13,0.00,12.0
https://9takes.com/personality-analysis/charlie-puth,0,6,0.00,8.3
https://9takes.com/personality-analysis/chelsea-handler,0,27,0.00,8.7
https://9takes.com/personality-analysis/chris-hemsworth,0,63,0.00,13.4
https://9takes.com/personality-analysis/chris-williamson,0,97,0.00,9.1
https://9takes.com/personality-analysis/christian-bale,0,81,0.00,9.5
https://9takes.com/personality-analysis/cillian-murphy#cillian-murphys-childhood-in-cork,0,17,0.00,11.2
https://9takes.com/personality-analysis/cillian-murphy#how-cillian-murphy-became-a-leading-man,0,22,0.00,11.1
https://9takes.com/personality-analysis/cillian-murphy#the-summer-everything-changed,0,17,0.00,11.2
https://9takes.com/personality-analysis/cillian-murphy#what-is-cillian-murphys-personality-type,0,22,0.00,11.1
https://9takes.com/personality-analysis/cillian-murphy#why-cillian-murphy-is-so-private,0,17,0.00,11.2
https://9takes.com/personality-analysis/clavicular#every-drug-clavicular-takes-mdash-and-what-each-one-does-to-him,0,22,0.00,4.6
https://9takes.com/personality-analysis/clavicular#nothing-they-could-do-to-stop-my-ascension,0,17,0.00,5.5
https://9takes.com/personality-analysis/clavicular#the-boy-before-the-bone,0,17,0.00,5.5
https://9takes.com/personality-analysis/clavicular#what-is-claviculars-personality-type,0,27,0.00,4.6
https://9takes.com/personality-analysis/clavicular#why-clavicular-doesnt-want-sex-anymore,0,22,0.00,5.4
https://9takes.com/personality-analysis/clavicular#why-clavicular-named-himself-after-a-bone,0,27,0.00,4.6
https://9takes.com/personality-analysis/conor-mcgregor,0,18,0.00,7.9
https://9takes.com/personality-analysis/cristiano-ronaldo,0,211,0.00,13.5
https://9takes.com/personality-analysis/dario-amodei#a-boy-who-trusted-numbers,0,2,0.00,2.5
https://9takes.com/personality-analysis/dario-amodei#the-four-year-gap,0,2,0.00,2.5
https://9takes.com/personality-analysis/dario-amodei#what-is-dario-amodeis-personality-type,0,2,0.00,2.5
https://9takes.com/personality-analysis/dave-portnoy#davey-day-trader-and-the-barstool-fund,0,1,0.00,9.0
https://9takes.com/personality-analysis/dave-portnoy#im-a-loyalty-guy,0,1,0.00,9.0
https://9takes.com/personality-analysis/dave-portnoy#what-is-dave-portnoys-personality-type,0,1,0.00,9.0
https://9takes.com/personality-analysis/david-corenswet,0,7,0.00,12.0
https://9takes.com/personality-analysis/david-dobrik,0,5,0.00,7.6
https://9takes.com/personality-analysis/david-friedberg,0,65,0.00,6.2
https://9takes.com/personality-analysis/david-sacks,0,156,0.00,9.0
https://9takes.com/personality-analysis/demi-lovato,0,2,0.00,4.0
https://9takes.com/personality-analysis/denzel-washington,0,157,0.00,10.0
https://9takes.com/personality-analysis/denzel-washington#a-pentecostal-ministers-son-on-the-streets-of-mount-vernon,0,22,0.00,7.5
https://9takes.com/personality-analysis/denzel-washington#from-st-elsewhere-to-glory,0,16,0.00,8.5
https://9takes.com/personality-analysis/denzel-washington#the-father-his-father-never-was,0,16,0.00,8.5
https://9takes.com/personality-analysis/denzel-washington#the-prophecy-the-camp-counselor-and-a-kid-named-othello,0,16,0.00,8.5
https://9takes.com/personality-analysis/denzel-washington#the-woman-he-proposed-to-three-times,0,16,0.00,8.5
https://9takes.com/personality-analysis/denzel-washington#two-bottles-a-day-no-more-no-less,0,16,0.00,8.5
https://9takes.com/personality-analysis/denzel-washington#what-is-denzel-washingtons-personality-type,0,22,0.00,7.5
https://9takes.com/personality-analysis/dixie-d'amelio,0,7,0.00,7.7
https://9takes.com/personality-analysis/doechii,0,29,0.00,8.3
https://9takes.com/personality-analysis/dolly-parton,0,8,0.00,10.0
https://9takes.com/personality-analysis/donald-trump,0,56,0.00,15.2
https://9takes.com/personality-analysis/donald-trump#the-apprentice-the-reinvention-that-changed-everything,0,2,0.00,8.0
https://9takes.com/personality-analysis/donald-trump#the-making-of-an-achiever-trumps-childhood,0,2,0.00,8.0
https://9takes.com/personality-analysis/donald-trump#what-is-donald-trumps-personality-type,0,2,0.00,8.0
https://9takes.com/personality-analysis/drake#ovo-and-the-loyalty-problem,0,34,0.00,10.8
https://9takes.com/personality-analysis/drake#the-chameleon-question,0,21,0.00,11.0
https://9takes.com/personality-analysis/drake#the-making-of-an-achiever-drakes-origin-story,0,38,0.00,10.7
https://9takes.com/personality-analysis/drake#the-success-addiction,0,21,0.00,11.0
https://9takes.com/personality-analysis/drake#the-vulnerability-paradox-that-changed-hip-hop,0,25,0.00,10.8
https://9takes.com/personality-analysis/druski#how-big-boss-energy-got-him-into-hip-hops-inner-circle,0,40,0.00,5.7
https://9takes.com/personality-analysis/druski#the-childhood-rejection-that-fueled-the-rise,0,41,0.00,5.8
https://9takes.com/personality-analysis/druski#the-depression-nobody-saw-behind-the-rise,0,7,0.00,8.1
https://9takes.com/personality-analysis/druski#the-mafiathon-stream-and-the-apology-that-wouldnt-land,0,40,0.00,5.7
https://9takes.com/personality-analysis/druski#under-fire-and-fighting-back,0,39,0.00,5.7
https://9takes.com/personality-analysis/druski#we-dont-need-anybody-else-how-netflixs-rejection-built-an-empire,0,31,0.00,5.3
https://9takes.com/personality-analysis/druski#what-gwinnett-county-gave-him,0,3,0.00,3.7
https://9takes.com/personality-analysis/druski#whiteface-erika-kirk-and-the-argument-druski-wont-have,0,46,0.00,6.0
https://9takes.com/personality-analysis/druski#why-druski-can-roast-himself-better-than-anyone-else-could,0,45,0.00,5.9
https://9takes.com/personality-analysis/dua-lipa#dua-lipa-is-an-enneagram-type-3,0,14,0.00,9.1
https://9takes.com/personality-analysis/dua-lipa#the-scariest-teacher-and-what-he-understood-about-her,0,11,0.00,9.5
https://9takes.com/personality-analysis/dua-lipa#what-is-dua-lipas-personality-type,0,14,0.00,9.1
https://9takes.com/personality-analysis/dua-lipa#writing-the-rules,0,14,0.00,9.1
https://9takes.com/personality-analysis/dwayne-johnson,0,117,0.00,10.4
https://9takes.com/personality-analysis/ed-sheeran,0,50,0.00,9.1
https://9takes.com/personality-analysis/eddie-murphy,0,98,0.00,6.6
https://9takes.com/personality-analysis/elizabeth-holmes,0,69,0.00,10.8
https://9takes.com/personality-analysis/ella-langley,0,21,0.00,5.7
https://9takes.com/personality-analysis/ellen-degeneres,0,31,0.00,15.6
https://9takes.com/personality-analysis/elon-musk#first-principles-how-retreat-becomes-power,0,32,0.00,10.6
https://9takes.com/personality-analysis/elon-musk#how-childhood-forged-the-investigator,0,76,0.00,9.0
https://9takes.com/personality-analysis/elon-musk#love-family-and-the-investigator,0,101,0.00,9.0
https://9takes.com/personality-analysis/elon-musk#stress-and-growth,0,101,0.00,9.0
https://9takes.com/personality-analysis/elon-musk#the-empire-as-pattern,0,46,0.00,10.2
https://9takes.com/personality-analysis/elon-musk#the-investigators-mind,0,30,0.00,10.6
https://9takes.com/personality-analysis/elon-musk#the-meme-lord-paradox,0,18,0.00,10.7
https://9takes.com/personality-analysis/elon-musk#what-pretoria-inherited-before-he-was-born,0,11,0.00,10.8
https://9takes.com/personality-analysis/elton-john,0,107,0.00,9.0
https://9takes.com/personality-analysis/emily-ratajkowski,0,66,0.00,14.4
https://9takes.com/personality-analysis/eminem,0,52,0.00,8.7
https://9takes.com/personality-analysis/eminem#8-mile-weaponizing-vulnerability,0,1,0.00,11.0
https://9takes.com/personality-analysis/eminem#going-to-war,0,1,0.00,11.0
https://9takes.com/personality-analysis/eminem#the-foundations-of-fear,0,1,0.00,11.0
https://9takes.com/personality-analysis/eminem#the-protector-emerges,0,1,0.00,11.0
https://9takes.com/personality-analysis/eminem#the-weapon-he-built,0,1,0.00,11.0
https://9takes.com/personality-analysis/eminem#the-white-kid-nobody-wanted,0,1,0.00,11.0
https://9takes.com/personality-analysis/eminem#trust-nobody-except-these-people,0,1,0.00,11.0
https://9takes.com/personality-analysis/emma-chamberlain,0,24,0.00,11.1
https://9takes.com/personality-analysis/emma-stone,0,22,0.00,9.3
https://9takes.com/personality-analysis/emma-watson#emma-watsons-childhood-a-perfectionist-forged-in-paris-and-oxford,0,11,0.00,5.5
https://9takes.com/personality-analysis/emma-watson#emma-watsons-education-the-quest-for-self-improvement,0,5,0.00,6.0
https://9takes.com/personality-analysis/emma-watson#emma-watsons-post-potter-career-a-curated-filmography-that-mostly-did-not-land,0,10,0.00,6.3
https://9takes.com/personality-analysis/emma-watson#renais-gin-the-business-of-doing-it-right,0,2,0.00,6.5
https://9takes.com/personality-analysis/emma-watson#the-heforshe-campaign-moral-imperative-made-public,0,2,0.00,6.5
https://9takes.com/personality-analysis/emma-watson#the-perfectionists-burden,0,2,0.00,6.5
https://9takes.com/personality-analysis/ernest-hemingway,0,14,0.00,8.6
https://9takes.com/personality-analysis/frida-kahlo,0,44,0.00,12.2
https://9takes.com/personality-analysis/gary-vee,0,18,0.00,18.5
https://9takes.com/personality-analysis/gavin-newsom,0,80,0.00,10.1
https://9takes.com/personality-analysis/gavin-newsom#plumpjack-and-the-art-of-becoming,0,9,0.00,4.9
https://9takes.com/personality-analysis/gavin-newsom#the-shack-behind-the-school,0,9,0.00,4.9
https://9takes.com/personality-analysis/gavin-newsom#the-winter-of-love,0,12,0.00,5.4
https://9takes.com/personality-analysis/gavin-newsom#two-worlds-one-boy,0,12,0.00,5.4
https://9takes.com/personality-analysis/gavin-newsom#what-is-gavin-newsoms-personality-type,0,12,0.00,5.4
https://9takes.com/personality-analysis/george-h-w-bush,0,60,0.00,12.7
https://9takes.com/personality-analysis/george-h-w-bush#before-the-white-house-combat-marriage-and-oil,0,14,0.00,4.7
https://9takes.com/personality-analysis/george-h-w-bush#building-security-through-alliance,0,12,0.00,5.5
https://9takes.com/personality-analysis/george-h-w-bush#forged-in-greenwich-the-making-of-a-loyalist,0,11,0.00,5.3
https://9takes.com/personality-analysis/george-h-w-bush#the-loyalist-in-action,0,15,0.00,4.9
https://9takes.com/personality-analysis/george-h-w-bush#what-is-george-hw-bushs-personality-type,0,15,0.00,4.9
https://9takes.com/personality-analysis/george-rr-martin,0,72,0.00,9.3
https://9takes.com/personality-analysis/gigi-hadid,0,24,0.00,10.5
https://9takes.com/personality-analysis/gracie-abrams,0,63,0.00,8.1
https://9takes.com/personality-analysis/greta-thunberg,0,39,0.00,19.9
https://9takes.com/personality-analysis/grimes#what-does-grimes-music-actually-sound-like,0,1,0.00,3.0
https://9takes.com/personality-analysis/grimes#what-is-grimes-personality-type,0,1,0.00,3.0
https://9takes.com/personality-analysis/gwyneth-paltrow,0,106,0.00,9.6
https://9takes.com/personality-analysis/gwyneth-paltrow#gwyneth-paltrows-upbringing,0,13,0.00,6.8
https://9takes.com/personality-analysis/gwyneth-paltrow#major-accomplishments,0,4,0.00,6.0
https://9takes.com/personality-analysis/gwyneth-paltrow#personality-quirks-and-mental-patterns,0,4,0.00,6.0
https://9takes.com/personality-analysis/gwyneth-paltrow#rise-to-fame,0,13,0.00,6.8
https://9takes.com/personality-analysis/gwyneth-paltrow#the-loss-that-changed-everything,0,4,0.00,6.0
https://9takes.com/personality-analysis/gwyneth-paltrow#what-is-gwyneth-paltrows-personality-type,0,13,0.00,6.8
https://9takes.com/personality-analysis/halsey#i-can-make-all-of-these-really-smart-men-dumb,0,5,0.00,4.4
https://9takes.com/personality-analysis/halsey#ice-cream-and-rollerskating,0,5,0.00,4.4
https://9takes.com/personality-analysis/halsey#the-9-that-changed-everything,0,5,0.00,4.4
https://9takes.com/personality-analysis/halsey#the-most-inadequate-ive-ever-felt,0,5,0.00,4.4
https://9takes.com/personality-analysis/halsey#the-pantyhose-pop-filter,0,5,0.00,4.4
https://9takes.com/personality-analysis/halsey#what-is-halseys-personality-type,0,5,0.00,4.4
https://9takes.com/personality-analysis/harrison-ford,0,102,0.00,10.4
https://9takes.com/personality-analysis/harry-styles,0,14,0.00,9.9
https://9takes.com/personality-analysis/hasan-piker#hasans-personality-anger-as-a-love-language,0,13,0.00,5.3
https://9takes.com/personality-analysis/hasan-piker#more-than-politics-entertainment-and-chat-culture,0,18,0.00,5.4
https://9takes.com/personality-analysis/hasan-piker#the-himbo-gateway-drug-redefining-leftist-masculinity,0,1,0.00,1.0
https://9takes.com/personality-analysis/hasan-piker#the-making-of-a-challenger-hasans-formative-years,0,4,0.00,6.8
https://9takes.com/personality-analysis/hasan-piker#what-is-hasan-pikers-personality-type,0,18,0.00,5.4
https://9takes.com/personality-analysis/hayao-miyazaki,0,9,0.00,9.1
https://9takes.com/personality-analysis/henry-cavill#300-lines-of-lore-how-a-helper-becomes-a-producer,0,17,0.00,9.8
https://9takes.com/personality-analysis/henry-cavill#fat-cavill-was-the-actual-name,0,17,0.00,9.8
https://9takes.com/personality-analysis/henry-cavill#the-ambassador-for-hobbies-nobody-asked-him-to-defend,0,15,0.00,9.9
https://9takes.com/personality-analysis/henry-cavill#the-boy-who-approached-russell-crowe-and-then-waited-twelve-years-to-mention-it,0,15,0.00,9.9
https://9takes.com/personality-analysis/henry-cavill#the-mirror-that-doesnt-match-the-cape,0,15,0.00,9.9
https://9takes.com/personality-analysis/henry-cavill#the-unluckiest-man-in-hollywood-who-never-complained,0,15,0.00,9.9
https://9takes.com/personality-analysis/henry-cavill#the-witcher-when-helpers-read-every-book,0,15,0.00,9.9
https://9takes.com/personality-analysis/hilary-duff,0,108,0.00,9.5
https://9takes.com/personality-analysis/hilary-duff#how-her-divorce-rewired-the-pattern,0,17,0.00,7.5
https://9takes.com/personality-analysis/hilary-duff#the-body-they-watched-break-down,0,17,0.00,7.5
https://9takes.com/personality-analysis/hilary-duff#the-girl-who-moved-to-hollywood-for-her-sister,0,34,0.00,6.0
https://9takes.com/personality-analysis/hilary-duff#the-lizzie-she-refused-to-play,0,24,0.00,6.7
https://9takes.com/personality-analysis/hilary-duff#what-aaron-carter-revealed-about-her-wiring,0,27,0.00,6.4
https://9takes.com/personality-analysis/hilary-duff#what-is-hilary-duffs-personality-type,0,34,0.00,6.0
https://9takes.com/personality-analysis/hillary-clinton,0,17,0.00,21.9
https://9takes.com/personality-analysis/howard-stern,0,19,0.00,8.0
https://9takes.com/personality-analysis/hugh-jackman,0,8,0.00,10.4
https://9takes.com/personality-analysis/ice-spice,0,14,0.00,8.8
https://9takes.com/personality-analysis/ilona-maher,0,107,0.00,10.8
https://9takes.com/personality-analysis/ishowspeed#friends-rivals-and-loyalty-tests,0,27,0.00,7.3
https://9takes.com/personality-analysis/ishowspeed#how-he-is-changing,0,79,0.00,6.1
https://9takes.com/personality-analysis/ishowspeed#the-africa-tour-and-search-for-home,0,14,0.00,8.5
https://9takes.com/personality-analysis/ishowspeed#the-biggest-public-embarrassment,0,35,0.00,7.1
https://9takes.com/personality-analysis/ishowspeed#the-empty-desk-that-still-drives-him,0,11,0.00,6.9
https://9takes.com/personality-analysis/ishowspeed#the-family-he-protects-most,0,30,0.00,7.6
https://9takes.com/personality-analysis/ishowspeed#the-ghana-homecoming,0,21,0.00,7.4
https://9takes.com/personality-analysis/ishowspeed#the-tokyo-hospital-scare-and-what-it-revealed,0,11,0.00,6.5
https://9takes.com/personality-analysis/ishowspeed#turning-streaming-into-music-wwe-and-global-fame,0,19,0.00,7.3
https://9takes.com/personality-analysis/ishowspeed#what-is-ishowspeeds-personality-type,0,78,0.00,6.3
https://9takes.com/personality-analysis/ishowspeed#why-ishowspeed-gets-so-angry-on-stream,0,74,0.00,6.0
https://9takes.com/personality-analysis/j.k.-rowling,0,11,0.00,11.0
https://9takes.com/personality-analysis/jack-black#jack-blacks-mind-quirks-habits-and-hidden-depths,0,75,0.00,7.4
https://9takes.com/personality-analysis/jack-black#rise-to-fame-from-tenacious-d-to-stealing-every-scene,0,38,0.00,7.0
https://9takes.com/personality-analysis/jack-black#the-dark-years-jack-rarely-discusses,0,75,0.00,7.4
https://9takes.com/personality-analysis/jack-black#what-is-jack-blacks-personality-type,0,75,0.00,7.4
https://9takes.com/personality-analysis/jack-black#when-the-showman-goes-quiet,0,38,0.00,7.0
https://9takes.com/personality-analysis/jacob-elordi,0,43,0.00,9.8
https://9takes.com/personality-analysis/jake-paul,0,38,0.00,14.4
https://9takes.com/personality-analysis/jake-shane,0,69,0.00,7.2
https://9takes.com/personality-analysis/james-charles,0,9,0.00,7.3
https://9takes.com/personality-analysis/james-dyson,0,26,0.00,8.8
https://9takes.com/personality-analysis/jd-vance,0,55,0.00,13.4
https://9takes.com/personality-analysis/jeff-bezos,0,178,0.00,13.8
https://9takes.com/personality-analysis/jeff-bezos#the-laugh,0,4,0.00,7.3
https://9takes.com/personality-analysis/jeff-bezos#the-operating-system,0,1,0.00,10.0
https://9takes.com/personality-analysis/jeff-bezos#the-type-8-algorithm-punch-what-you-can-punch-stay-quiet-when-you-cant,0,4,0.00,7.0
https://9takes.com/personality-analysis/jeff-bezos#three-childhoods-that-built-him,0,1,0.00,11.0
https://9takes.com/personality-analysis/jeff-bezos#what-is-jeff-bezoss-personality-type,0,5,0.00,7.8
https://9takes.com/personality-analysis/jelly-roll,0,3,0.00,8.3
https://9takes.com/personality-analysis/jenna-ortega,0,25,0.00,7.6
https://9takes.com/personality-analysis/jennifer-garner,0,189,0.00,7.2
https://9takes.com/personality-analysis/jennifer-garner#but-isnt-she-a-type-9,0,1,0.00,9.0
https://9takes.com/personality-analysis/jennifer-garner#feeding-kids-is-her-real-third-act,0,1,0.00,9.0
https://9takes.com/personality-analysis/jennifer-garner#the-career-narrowing-nobody-asks-her-about,0,1,0.00,9.0
https://9takes.com/personality-analysis/jennifer-garner#the-word-she-keeps-using-pretend,0,1,0.00,9.0
https://9takes.com/personality-analysis/jennifer-garner#the-yellow-house-and-the-rules,0,1,0.00,9.0
https://9takes.com/personality-analysis/jennifer-garner#what-is-jennifer-garners-personality-type,0,1,0.00,9.0
https://9takes.com/personality-analysis/jennifer-lawrence,0,77,0.00,13.0
https://9takes.com/personality-analysis/jennifer-lopez#how-jennifer-lopez-survived-being-over-twice,0,1,0.00,7.0
https://9takes.com/personality-analysis/jennifer-lopez#jennifer-lopezs-childhood-three-girls-one-bed-one-worthiness-wound,0,1,0.00,7.0
https://9takes.com/personality-analysis/jennifer-lopez#jennifer-lopezs-relationships-and-the-need-to-be-chosen,0,2,0.00,8.5
https://9takes.com/personality-analysis/jennifer-lopez#what-is-jennifer-lopezs-personality-type,0,1,0.00,7.0
https://9takes.com/personality-analysis/jennifer-lopez#why-hustlers-mattered-so-much-to-jennifer-lopez,0,1,0.00,7.0
https://9takes.com/personality-analysis/jennifer-lopez#why-jennifer-lopez-left-home-to-dance,0,2,0.00,8.5
https://9takes.com/personality-analysis/jennifer-lopez#why-jennifer-lopez-seems-so-demanding,0,1,0.00,7.0
https://9takes.com/personality-analysis/jimmy-carter,0,3,0.00,6.7
https://9takes.com/personality-analysis/jimmy-fallon#how-jimmy-fallons-type-7-tonight-show-revolutionized-late-night,0,10,0.00,3.0
https://9takes.com/personality-analysis/jimmy-fallon#jimmy-fallons-type-7-musical-abilities-joy-through-multiple-talents,0,10,0.00,3.0
https://9takes.com/personality-analysis/jimmy-fallon#jimmy-fallons-type-7-snl-breakthrough-variety-as-survival-strategy,0,10,0.00,3.0
https://9takes.com/personality-analysis/jimmy-fallon#what-is-jimmy-fallons-personality-type,0,10,0.00,3.0
https://9takes.com/personality-analysis/joaquin-phoenix#behind-the-transformation-phoenixs-body-as-emotional-canvas,0,2,0.00,7.0
https://9takes.com/personality-analysis/joaquin-phoenix#finding-his-tribe-phoenixs-relationships-and-inner-circle,0,2,0.00,7.0
https://9takes.com/personality-analysis/joaquin-phoenix#from-cult-to-spotlight-how-phoenixs-unusual-childhood-shaped-his-identity,0,6,0.00,3.8
https://9takes.com/personality-analysis/joaquin-phoenix#living-in-the-shadow-rivers-death-and-joaquins-identity-crisis,0,4,0.00,5.0
https://9takes.com/personality-analysis/joaquin-phoenix#the-activist-soul-phoenixs-search-for-meaning-beyond-acting,0,2,0.00,7.0
https://9takes.com/personality-analysis/joaquin-phoenix#the-voice-within-phoenixs-inner-dialogue-and-self-doubt,0,4,0.00,4.3
https://9takes.com/personality-analysis/joe-biden,0,36,0.00,13.4
https://9takes.com/personality-analysis/joe-biden#december-18-1972,0,2,0.00,7.0
https://9takes.com/personality-analysis/joe-biden#no-one-fks-with-a-biden,0,4,0.00,9.5
https://9takes.com/personality-analysis/joe-biden#promise-me-dad,0,4,0.00,9.5
https://9takes.com/personality-analysis/joe-biden#the-boy-with-the-flashlight,0,2,0.00,7.0
https://9takes.com/personality-analysis/joe-biden#the-need-to-be-needed,0,2,0.00,7.0
https://9takes.com/personality-analysis/joe-biden#the-rosary-and-the-rule-book,0,2,0.00,7.0
https://9takes.com/personality-analysis/joe-biden#what-biden-is-like-behind-closed-doors,0,4,0.00,9.5
https://9takes.com/personality-analysis/joe-rogan,0,254,0.00,10.3
https://9takes.com/personality-analysis/joe-rogan#how-comedy-replaced-the-dojo,0,38,0.00,7.3
https://9takes.com/personality-analysis/joe-rogan#newark-and-the-two-fathers,0,41,0.00,7.1
https://9takes.com/personality-analysis/joe-rogan#no-single-point-of-failure,0,80,0.00,6.6
https://9takes.com/personality-analysis/joe-rogan#the-dojo-as-sanctuary,0,26,0.00,6.9
https://9takes.com/personality-analysis/joe-rogan#the-violence-i-carry,0,73,0.00,6.5
https://9takes.com/personality-analysis/joe-rogan#what-is-joe-rogans-personality-type,0,81,0.00,6.6
https://9takes.com/personality-analysis/joe-rogan#why-other-peoples-pain-lands-so-hard,0,44,0.00,7.3
https://9takes.com/personality-analysis/joe-rogan#why-texas-made-sense,0,12,0.00,8.0
https://9takes.com/personality-analysis/john-coogan,0,53,0.00,8.1
https://9takes.com/personality-analysis/john-f-kennedy#how-jfk-handled-public-humiliation,0,89,0.00,9.1
https://9takes.com/personality-analysis/john-f-kennedy#how-joe-kennedy-shaped-jfk,0,103,0.00,9.1
https://9takes.com/personality-analysis/john-f-kennedy#jfk-and-jackie-the-marriage-behind-camelot,0,79,0.00,9.1
https://9takes.com/personality-analysis/john-f-kennedy#jfks-childhood-illness-and-early-brush-with-death,0,92,0.00,9.2
https://9takes.com/personality-analysis/john-f-kennedy#jfks-hidden-pain-and-daily-injections,0,89,0.00,9.1
https://9takes.com/personality-analysis/john-f-kennedy#the-affairs-were-not-just-affairs,0,10,0.00,9.1
https://9takes.com/personality-analysis/john-f-kennedy#what-is-jfks-personality-type,0,116,0.00,9.2
https://9takes.com/personality-analysis/john-f-kennedy#why-jfk-seemed-effortless-in-public,0,103,0.00,9.1
https://9takes.com/personality-analysis/john-lennon,0,27,0.00,11.9
https://9takes.com/personality-analysis/john-mayer,0,12,0.00,13.1
https://9takes.com/personality-analysis/john-ternus,0,11,0.00,8.3
https://9takes.com/personality-analysis/johnny-depp,0,271,0.00,12.4
https://9takes.com/personality-analysis/johnny-depp#burton-and-the-permission-to-hide,0,5,0.00,9.2
https://9takes.com/personality-analysis/johnny-depp#the-first-locked-door,0,1,0.00,10.0
https://9takes.com/personality-analysis/johnny-depp#the-role-that-turned-him-into-a-product,0,1,0.00,10.0
https://9takes.com/personality-analysis/johnny-depp#what-is-johnny-depps-personality-type,0,5,0.00,9.2
https://9takes.com/personality-analysis/johnny-depp#whatever-was-handy,0,1,0.00,10.0
https://9takes.com/personality-analysis/johnny-depp#winona-forever,0,5,0.00,9.2
https://9takes.com/personality-analysis/jon-stewart,0,115,0.00,7.5
https://9takes.com/personality-analysis/jon-stewart#the-911-monologue-that-recast-jons-public-role,0,11,0.00,9.4
https://9takes.com/personality-analysis/jon-stewart#the-boy-named-jonathan-stuart-leibowitz,0,11,0.00,9.4
https://9takes.com/personality-analysis/jon-stewart#the-lost-years-at-william-mary,0,6,0.00,9.0
https://9takes.com/personality-analysis/jon-stewart#what-is-jon-stewarts-personality-type,0,11,0.00,9.4
https://9takes.com/personality-analysis/jon-stewart#where-the-empathy-still-breaks-down,0,6,0.00,9.0
https://9takes.com/personality-analysis/jon-stewart#why-political-comedy-became-turd-mining,0,6,0.00,9.0
https://9takes.com/personality-analysis/jon-stewart#why-the-last-name-changed,0,6,0.00,9.0
https://9takes.com/personality-analysis/jordi-hays#from-skatepark-to-shanghai,0,6,0.00,5.3
https://9takes.com/personality-analysis/jordi-hays#technology-is-too-inspired-by-technology,0,3,0.00,5.7
https://9takes.com/personality-analysis/jordi-hays#the-compounding-machine,0,9,0.00,5.4
https://9takes.com/personality-analysis/jordi-hays#the-year-the-market-tried-to-kill-him,0,6,0.00,5.3
https://9takes.com/personality-analysis/jordi-hays#what-is-jordi-hayss-personality-type,0,9,0.00,5.4
https://9takes.com/personality-analysis/jordi-hays#while-other-kids-worshipped-athletes,0,9,0.00,5.4
